,Entity,Code,Year,Fertilizer consumption (FAO (2017) & Federico (2008))
0,Afghanistan,AFG,2002,3.40336025
1,Afghanistan,AFG,2003,3.275090067
2,Afghanistan,AFG,2004,4.535568066
3,Afghanistan,AFG,2005,4.240358744
4,Afghanistan,AFG,2006,6.290993072
5,Afghanistan,AFG,2007,3.618809341
6,Afghanistan,AFG,2008,2.988067744
7,Afghanistan,AFG,2009,4.521493648
8,Afghanistan,AFG,2010,4.254972411
9,Afghanistan,AFG,2011,6.610062893
10,Afghanistan,AFG,2012,28.06559692
11,Afghanistan,AFG,2013,14.87925498
12,Afghanistan,AFG,2014,12.28670699
13,Albania,ALB,2002,97.18512111
14,Albania,ALB,2003,98.93252595
15,Albania,ALB,2004,100.5986159
16,Albania,ALB,2005,111.5966543
17,Albania,ALB,2006,85.09246575
18,Albania,ALB,2007,87.16782007
19,Albania,ALB,2008,75.87704918
20,Albania,ALB,2009,89.38587849
21,Albania,ALB,2010,97.32268371
22,Albania,ALB,2011,97.13665595
23,Albania,ALB,2012,92.77176547
24,Albania,ALB,2013,87.47690812
25,Albania,ALB,2014,87.69005848
26,Algeria,DZA,2002,9.641579436
27,Algeria,DZA,2003,6.001172755
28,Algeria,DZA,2004,25.09515548
29,Algeria,DZA,2005,7.429902809
30,Algeria,DZA,2006,13.2626506
31,Algeria,DZA,2007,14.96157451
32,Algeria,DZA,2008,8.576712512
33,Algeria,DZA,2009,13.98665421
34,Algeria,DZA,2010,19.48147161
35,Algeria,DZA,2011,17.48507065
36,Algeria,DZA,2012,21.78032372
37,Algeria,DZA,2013,16.92724314
38,Algeria,DZA,2014,51.32085576
39,Angola,AGO,2002,1.659032258
40,Angola,AGO,2003,1.788787879
41,Angola,AGO,2004,4.501515152
42,Angola,AGO,2005,2.260606061
43,Angola,AGO,2006,3.66
44,Angola,AGO,2007,3.305
45,Angola,AGO,2008,8.258823529
46,Angola,AGO,2009,5.47225
47,Angola,AGO,2010,8.43
48,Angola,AGO,2011,11.98382979
49,Angola,AGO,2012,13.55808511
50,Angola,AGO,2013,14.44897959
51,Angola,AGO,2014,6.955306122
52,Antigua and Barbuda,ATG,2002,13.0
53,Antigua and Barbuda,ATG,2003,27.25
54,Antigua and Barbuda,ATG,2004,7.5
55,Antigua and Barbuda,ATG,2005,6.0
56,Antigua and Barbuda,ATG,2006,4.5
57,Antigua and Barbuda,ATG,2007,0.5
58,Antigua and Barbuda,ATG,2008,3.5
59,Antigua and Barbuda,ATG,2009,13.25
60,Antigua and Barbuda,ATG,2010,3.0
61,Antigua and Barbuda,ATG,2011,3.25
62,Antigua and Barbuda,ATG,2012,4.5
63,Antigua and Barbuda,ATG,2013,8.5
64,Antigua and Barbuda,ATG,2014,8.0
78,Argentina,ARG,2002,30.2339387
79,Argentina,ARG,2003,41.84670629
80,Argentina,ARG,2004,45.30911454
81,Argentina,ARG,2005,36.40231021
82,Argentina,ARG,2006,41.41125839
83,Argentina,ARG,2007,49.25671781
84,Argentina,ARG,2008,35.21496838
85,Argentina,ARG,2009,22.98477779
86,Argentina,ARG,2010,39.18080093
87,Argentina,ARG,2011,41.71741317
88,Argentina,ARG,2012,35.30910097
89,Argentina,ARG,2013,36.14567118
90,Argentina,ARG,2014,35.95382653
91,Armenia,ARM,2002,34.52307692
92,Armenia,ARM,2003,22.9978022
93,Armenia,ARM,2004,31.65054945
94,Armenia,ARM,2005,22.69230769
95,Armenia,ARM,2006,27.8449989
96,Armenia,ARM,2007,15.33289095
97,Armenia,ARM,2008,18.15053286
98,Armenia,ARM,2009,29.66622163
99,Armenia,ARM,2010,24.20289855
100,Armenia,ARM,2011,27.36865539
101,Armenia,ARM,2012,33.70428189
102,Armenia,ARM,2013,45.19634092
103,Armenia,ARM,2014,42.26815642
104,Australia,AUS,2002,47.57003285
105,Australia,AUS,2003,46.20960884
106,Australia,AUS,2004,50.93940473
107,Australia,AUS,2005,44.85445933
108,Australia,AUS,2006,43.46012784
109,Australia,AUS,2007,46.81468056
110,Australia,AUS,2008,42.60442484
111,Australia,AUS,2009,36.25043844
112,Australia,AUS,2010,46.31648186
113,Australia,AUS,2011,45.27874491
114,Australia,AUS,2012,46.61972279
115,Australia,AUS,2013,49.20000433
116,Australia,AUS,2014,54.18585088
117,Austria,AUT,2002,234.0238267
118,Austria,AUT,2003,297.138468
119,Austria,AUT,2004,131.3427101
120,Austria,AUT,2005,135.7159412
121,Austria,AUT,2006,130.6992448
122,Austria,AUT,2007,110.2667151
123,Austria,AUT,2008,110.0452885
124,Austria,AUT,2009,83.40626372
125,Austria,AUT,2010,108.4873149
126,Austria,AUT,2011,103.3892321
127,Austria,AUT,2012,103.6823851
128,Austria,AUT,2013,103.7742817
129,Austria,AUT,2014,103.9431827
130,Azerbaijan,AZE,2002,10.43378871
131,Azerbaijan,AZE,2003,7.642099538
132,Azerbaijan,AZE,2004,11.9747922
133,Azerbaijan,AZE,2005,13.36046007
134,Azerbaijan,AZE,2006,13.33894531
135,Azerbaijan,AZE,2007,10.63754045
136,Azerbaijan,AZE,2008,20.9375336
137,Azerbaijan,AZE,2009,13.41141942
138,Azerbaijan,AZE,2010,9.954885622
139,Azerbaijan,AZE,2011,15.57458769
140,Azerbaijan,AZE,2012,17.97026571
141,Azerbaijan,AZE,2013,17.60349037
142,Azerbaijan,AZE,2014,26.25071373
143,Bahrain,BHR,2002,8964.5
144,Bahrain,BHR,2003,103.5294118
145,Bahrain,BHR,2005,2906.666667
146,Bahrain,BHR,2006,9436.551724
147,Bahrain,BHR,2007,798.5714286
148,Bahrain,BHR,2008,1993.333333
149,Bahrain,BHR,2009,947.7941176
150,Bahrain,BHR,2010,1721.25
151,Bahrain,BHR,2011,1178.125
152,Bahrain,BHR,2012,1553.125
153,Bahrain,BHR,2013,1606.25
154,Bahrain,BHR,2014,1318.75
155,Bangladesh,BGD,2002,188.6391615
156,Bangladesh,BGD,2003,160.2668935
157,Bangladesh,BGD,2004,170.6713742
158,Bangladesh,BGD,2005,197.7487043
159,Bangladesh,BGD,2006,193.1901015
160,Bangladesh,BGD,2007,184.4110798
161,Bangladesh,BGD,2008,200.0640779
162,Bangladesh,BGD,2009,188.8528733
163,Bangladesh,BGD,2010,212.9639327
164,Bangladesh,BGD,2011,255.764522
165,Bangladesh,BGD,2012,260.4432855
166,Bangladesh,BGD,2013,254.6001563
167,Bangladesh,BGD,2014,279.2202373
168,Barbados,BRB,2002,45.85714286
169,Barbados,BRB,2003,79.71428571
170,Barbados,BRB,2004,214.2307692
171,Barbados,BRB,2005,109.0769231
172,Barbados,BRB,2006,139.0
173,Barbados,BRB,2007,133.6153846
174,Barbados,BRB,2008,135.1538462
175,Barbados,BRB,2009,77.0
176,Barbados,BRB,2010,135.0833333
177,Barbados,BRB,2011,96.27272727
178,Barbados,BRB,2012,173.5454545
179,Barbados,BRB,2013,109.7272727
180,Barbados,BRB,2014,46.63636364
181,Belarus,BLR,2002,135.9864672
182,Belarus,BLR,2003,135.6257856
183,Belarus,BLR,2004,146.9178082
184,Belarus,BLR,2005,167.7011909
185,Belarus,BLR,2006,231.967509
186,Belarus,BLR,2007,218.3547744
187,Belarus,BLR,2008,237.4184191
188,Belarus,BLR,2009,281.1147186
189,Belarus,BLR,2010,270.4607046
190,Belarus,BLR,2011,303.8885874
191,Belarus,BLR,2012,271.3871786
192,Belarus,BLR,2013,255.6687715
193,Belarus,BLR,2014,214.9382716
194,Belgium,BEL,1900,15.3
195,Belgium,BEL,1913,35.5
196,Belgium,BEL,1922,85.9
197,Belgium,BEL,1957,196.1
198,Belgium,BEL,1999,369.4
199,Belgium,BEL,2002,327.8918269
200,Belgium,BEL,2003,313.8371257
201,Belgium,BEL,2004,339.8559524
202,Belgium,BEL,2005,329.143535
203,Belgium,BEL,2006,316.4524941
204,Belgium,BEL,2007,316.3933254
205,Belgium,BEL,2008,328.9123223
206,Belgium,BEL,2009,246.25
207,Belgium,BEL,2010,279.1702638
208,Belgium,BEL,2011,286.1963636
209,Belgium,BEL,2012,294.0373599
210,Belgium,BEL,2013,286.6139706
211,Belgium,BEL,2014,287.1566707
212,Belize,BLZ,2002,367.7285714
213,Belize,BLZ,2003,382.3714286
214,Belize,BLZ,2004,78.65714286
215,Belize,BLZ,2005,81.0
216,Belize,BLZ,2006,89.25714286
217,Belize,BLZ,2007,60.87142857
218,Belize,BLZ,2008,49.75714286
219,Belize,BLZ,2009,121.4383562
220,Belize,BLZ,2010,58.01333333
221,Belize,BLZ,2011,234.7066667
222,Belize,BLZ,2012,137.0384615
223,Belize,BLZ,2013,172.7820513
224,Belize,BLZ,2014,159.0897436
225,Benin,BEN,2002,16.36666667
226,Benin,BEN,2003,0.802264151
227,Benin,BEN,2004,0.052727273
228,Benin,BEN,2005,0.454074074
229,Benin,BEN,2006,0.0132
230,Benin,BEN,2007,0.2456
231,Benin,BEN,2008,0.308076923
232,Benin,BEN,2009,6.67755102
233,Benin,BEN,2010,8.99015748
234,Benin,BEN,2011,4.302325581
235,Benin,BEN,2012,9.905555556
236,Benin,BEN,2013,4.778888889
237,Benin,BEN,2014,12.20518519
238,Bhutan,BTN,2002,9.756756757
239,Bhutan,BTN,2003,9.891891892
240,Bhutan,BTN,2004,7.398734177
241,Bhutan,BTN,2005,7.556886228
242,Bhutan,BTN,2006,7.620621282
243,Bhutan,BTN,2007,9.009537784
244,Bhutan,BTN,2008,11.66
245,Bhutan,BTN,2009,23.96
246,Bhutan,BTN,2010,10.03976143
247,Bhutan,BTN,2011,13.05389222
248,Bhutan,BTN,2012,10.68862275
249,Bhutan,BTN,2013,15.18962076
250,Bhutan,BTN,2014,15.1497006
251,Bolivia,BOL,2002,4.042727273
252,Bolivia,BOL,2003,3.675583381
253,Bolivia,BOL,2004,5.064263761
254,Bolivia,BOL,2005,6.472937467
255,Bolivia,BOL,2006,3.963636364
256,Bolivia,BOL,2007,5.88731719
257,Bolivia,BOL,2008,4.708860759
258,Bolivia,BOL,2009,5.155365963
259,Bolivia,BOL,2010,7.255527112
260,Bolivia,BOL,2011,8.017058552
261,Bolivia,BOL,2012,8.081978475
262,Bolivia,BOL,2013,9.958371247
263,Bolivia,BOL,2014,9.070318614
264,Bosnia and Herzegovina,BIH,2002,32.69809428
265,Bosnia and Herzegovina,BIH,2003,17.65683382
266,Bosnia and Herzegovina,BIH,2004,58.442607
267,Bosnia and Herzegovina,BIH,2005,24.63707317
268,Bosnia and Herzegovina,BIH,2006,15.48393379
269,Bosnia and Herzegovina,BIH,2007,21.30039139
270,Bosnia and Herzegovina,BIH,2008,11.87103175
271,Bosnia and Herzegovina,BIH,2009,72.71213641
272,Bosnia and Herzegovina,BIH,2010,81.52988048
273,Bosnia and Herzegovina,BIH,2011,103.3781095
274,Bosnia and Herzegovina,BIH,2012,98.59521436
275,Bosnia and Herzegovina,BIH,2013,91.56732673
276,Bosnia and Herzegovina,BIH,2014,109.1562809
277,Botswana,BWA,2009,48.60443038
278,Botswana,BWA,2010,83.12741313
279,Botswana,BWA,2011,29.67901235
280,Botswana,BWA,2012,54.83508772
281,Botswana,BWA,2013,81.3898917
282,Botswana,BWA,2014,58.27819549
283,Brazil,BRA,2002,120.8408396
284,Brazil,BRA,2003,152.3052418
285,Brazil,BRA,2004,150.9459511
286,Brazil,BRA,2005,120.1003514
287,Brazil,BRA,2006,124.0318675
288,Brazil,BRA,2007,165.1697374
289,Brazil,BRA,2008,141.838605
290,Brazil,BRA,2009,118.2567433
291,Brazil,BRA,2010,156.1898725
292,Brazil,BRA,2011,183.014805
293,Brazil,BRA,2012,181.7328081
294,Brazil,BRA,2013,175.6601467
295,Brazil,BRA,2014,175.1958959
296,Brunei,BRN,2002,336.0
297,Brunei,BRN,2003,102.0
298,Brunei,BRN,2004,151.5
299,Brunei,BRN,2005,308.5
300,Brunei,BRN,2006,66.0
301,Brunei,BRN,2007,377.0
302,Brunei,BRN,2008,112.6666667
303,Brunei,BRN,2009,103.0
304,Brunei,BRN,2010,431.75
305,Brunei,BRN,2011,117.5
306,Brunei,BRN,2012,113.5
307,Brunei,BRN,2013,44.6
308,Brunei,BRN,2014,141.8
309,Bulgaria,BGR,2002,113.7684054
310,Bulgaria,BGR,2003,147.327415
311,Bulgaria,BGR,2004,80.85179596
312,Bulgaria,BGR,2005,74.23195714
313,Bulgaria,BGR,2006,73.93997446
314,Bulgaria,BGR,2007,102.0094003
315,Bulgaria,BGR,2008,111.2428756
316,Bulgaria,BGR,2009,104.600445
317,Bulgaria,BGR,2010,97.05335844
318,Bulgaria,BGR,2011,133.0824615
319,Bulgaria,BGR,2012,121.7901718
320,Bulgaria,BGR,2013,136.3354412
321,Bulgaria,BGR,2014,133.0803213
322,Burkina Faso,BFA,2002,0.427659574
323,Burkina Faso,BFA,2003,10.39137255
324,Burkina Faso,BFA,2004,12.54065217
325,Burkina Faso,BFA,2005,15.24367347
326,Burkina Faso,BFA,2006,13.40425532
327,Burkina Faso,BFA,2007,10.10102041
328,Burkina Faso,BFA,2008,9.5345
329,Burkina Faso,BFA,2009,9.451929825
330,Burkina Faso,BFA,2010,9.4285
331,Burkina Faso,BFA,2011,10.70245614
332,Burkina Faso,BFA,2012,10.99766667
333,Burkina Faso,BFA,2013,15.28290323
334,Burkina Faso,BFA,2014,15.77083333
335,Burundi,BDI,2002,1.343813387
336,Burundi,BDI,2003,0.304040404
337,Burundi,BDI,2004,1.111675127
338,Burundi,BDI,2005,3.546025105
339,Burundi,BDI,2006,3.343333333
340,Burundi,BDI,2007,2.018823529
341,Burundi,BDI,2008,2.171111111
342,Burundi,BDI,2009,1.861052632
343,Burundi,BDI,2010,3.627368421
344,Burundi,BDI,2011,5.635
345,Burundi,BDI,2012,5.699090909
346,Burundi,BDI,2013,7.3675
347,Burundi,BDI,2014,10.88
348,Cambodia,KHM,2002,5.825675676
349,Cambodia,KHM,2003,3.857837838
350,Cambodia,KHM,2004,5.365945946
351,Cambodia,KHM,2005,8.105135135
352,Cambodia,KHM,2006,8.002702703
353,Cambodia,KHM,2007,8.99027027
354,Cambodia,KHM,2008,7.641351351
355,Cambodia,KHM,2009,10.09567568
356,Cambodia,KHM,2010,12.11789474
357,Cambodia,KHM,2011,16.28421053
358,Cambodia,KHM,2012,17.90684211
359,Cambodia,KHM,2013,15.50631579
360,Cambodia,KHM,2014,29.73421053
361,Cameroon,CMR,2002,9.768624161
362,Cameroon,CMR,2003,8.155201342
363,Cameroon,CMR,2004,11.06275168
364,Cameroon,CMR,2005,7.998993795
365,Cameroon,CMR,2006,9.032198558
366,Cameroon,CMR,2007,8.622840852
367,Cameroon,CMR,2008,6.557437531
368,Cameroon,CMR,2009,7.002850914
369,Cameroon,CMR,2010,9.239032258
370,Cameroon,CMR,2011,11.03596774
371,Cameroon,CMR,2012,9.977903226
372,Cameroon,CMR,2013,6.674032258
373,Cameroon,CMR,2014,9.328709677
374,Canada,CAN,2002,57.63016664
375,Canada,CAN,2003,58.92761065
376,Canada,CAN,2004,54.63277483
377,Canada,CAN,2005,61.82127866
378,Canada,CAN,2006,46.99494591
379,Canada,CAN,2007,68.60414475
380,Canada,CAN,2008,63.96407104
381,Canada,CAN,2009,62.20875736
382,Canada,CAN,2010,69.17558817
383,Canada,CAN,2011,84.07826755
384,Canada,CAN,2012,77.99880474
385,Canada,CAN,2013,88.71196349
386,Canada,CAN,2014,89.43390199
400,Central African Republic,CAF,2011,0.417777778
401,Central African Republic,CAF,2012,0.281111111
402,Central African Republic,CAF,2013,0.281111111
403,Central African Republic,CAF,2014,0.281111111
417,Chile,CHL,2002,307.7733333
418,Chile,CHL,2003,330.1426667
419,Chile,CHL,2004,491.3526667
420,Chile,CHL,2005,434.7613793
421,Chile,CHL,2006,475.8140741
422,Chile,CHL,2007,534.1006339
423,Chile,CHL,2008,687.2400915
424,Chile,CHL,2009,612.4167939
425,Chile,CHL,2010,373.2486231
426,Chile,CHL,2011,492.5611238
427,Chile,CHL,2012,411.0795012
428,Chile,CHL,2013,428.2024446
429,Chile,CHL,2014,343.3400558
430,China,CHN,2002,377.4581659
431,China,CHN,2003,393.9572068
432,China,CHN,2004,413.7240143
433,China,CHN,2005,423.4091759
434,China,CHN,2006,452.0460902
435,China,CHN,2007,469.352445
436,China,CHN,2008,482.8807947
437,China,CHN,2009,498.8500743
438,China,CHN,2010,515.4089722
439,China,CHN,2011,533.4067781
440,China,CHN,2012,549.1219789
441,China,CHN,2013,557.0492811
442,China,CHN,2014,565.2546831
443,Colombia,COL,2002,309.0022614
444,Colombia,COL,2003,324.809629
445,Colombia,COL,2004,320.9629133
446,Colombia,COL,2005,445.1332675
447,Colombia,COL,2006,571.2496062
448,Colombia,COL,2007,544.2912913
449,Colombia,COL,2008,486.731694
450,Colombia,COL,2009,497.268169
451,Colombia,COL,2010,585.1917187
452,Colombia,COL,2011,745.2969735
453,Colombia,COL,2012,747.1153359
454,Colombia,COL,2013,648.6373365
455,Colombia,COL,2014,708.6043457
456,Congo,COG,2004,2.651020408
457,Congo,COG,2005,0.065306122
458,Congo,COG,2006,0.053061224
459,Congo,COG,2007,0.359183673
460,Congo,COG,2008,0.746938776
461,Congo,COG,2009,4.578
462,Congo,COG,2010,0.541176471
463,Congo,COG,2011,1.31509434
464,Congo,COG,2012,2.737735849
465,Congo,COG,2013,3.667272727
466,Congo,COG,2014,1.943636364
467,Costa Rica,CRI,2002,537.01
468,Costa Rica,CRI,2003,847.2904762
469,Costa Rica,CRI,2004,726.6952381
470,Costa Rica,CRI,2005,980.8761905
471,Costa Rica,CRI,2006,826.7047619
472,Costa Rica,CRI,2007,790.195
473,Costa Rica,CRI,2008,707.48
474,Costa Rica,CRI,2009,753.2363636
475,Costa Rica,CRI,2010,544.9911111
476,Costa Rica,CRI,2011,712.5431034
477,Costa Rica,CRI,2012,744.5043103
478,Costa Rica,CRI,2013,699.887931
479,Costa Rica,CRI,2014,870.4739336
480,Cote d'Ivoire,CIV,2002,31.01892857
481,Cote d'Ivoire,CIV,2003,29.34535714
482,Cote d'Ivoire,CIV,2004,27.21892857
483,Cote d'Ivoire,CIV,2005,17.78035714
484,Cote d'Ivoire,CIV,2006,22.7725
485,Cote d'Ivoire,CIV,2007,23.99
486,Cote d'Ivoire,CIV,2008,18.21172414
487,Cote d'Ivoire,CIV,2009,15.30758621
488,Cote d'Ivoire,CIV,2010,32.08586207
489,Cote d'Ivoire,CIV,2011,19.40275862
490,Cote d'Ivoire,CIV,2012,25.47862069
491,Cote d'Ivoire,CIV,2013,36.13137931
492,Cote d'Ivoire,CIV,2014,40.20655172
493,Croatia,HRV,2002,256.988345
494,Croatia,HRV,2003,292.8020833
495,Croatia,HRV,2004,312.5844156
496,Croatia,HRV,2005,294.5085911
497,Croatia,HRV,2006,380.7877412
498,Croatia,HRV,2007,410.0633803
499,Croatia,HRV,2008,495.2283025
500,Croatia,HRV,2009,164.6792583
501,Croatia,HRV,2010,297.3098187
502,Croatia,HRV,2011,311.0114866
503,Croatia,HRV,2012,290.1070168
504,Croatia,HRV,2013,234.890461
505,Croatia,HRV,2014,250.9948352
506,Cuba,CUB,2002,38.104792
507,Cuba,CUB,2003,16.50266525
508,Cuba,CUB,2004,18.53022126
509,Cuba,CUB,2005,22.38017429
510,Cuba,CUB,2006,32.11942763
511,Cuba,CUB,2007,35.69913238
512,Cuba,CUB,2008,43.57806533
513,Cuba,CUB,2009,17.60330818
514,Cuba,CUB,2010,29.89332151
515,Cuba,CUB,2011,42.02155847
516,Cuba,CUB,2012,47.4381958
517,Cuba,CUB,2013,43.01089918
518,Cuba,CUB,2014,58.21243523
519,Cyprus,CYP,2002,159.65
520,Cyprus,CYP,2003,158.2321429
521,Cyprus,CYP,2004,131.4070796
522,Cyprus,CYP,2005,108.9756098
523,Cyprus,CYP,2006,109.026087
524,Cyprus,CYP,2007,109.8360656
525,Cyprus,CYP,2008,112.0145631
526,Cyprus,CYP,2009,181.4499425
527,Cyprus,CYP,2010,202.7723971
528,Cyprus,CYP,2011,151.202381
529,Cyprus,CYP,2012,223.974359
530,Cyprus,CYP,2013,201.1083123
531,Cyprus,CYP,2014,175.8646617
532,Czechia,CZE,2002,81.67915763
533,Czechia,CZE,2003,91.57430965
534,Czechia,CZE,2004,87.00808458
535,Czechia,CZE,2005,89.55500156
536,Czechia,CZE,2006,94.27357901
537,Czechia,CZE,2007,100.1696401
538,Czechia,CZE,2008,87.26411543
539,Czechia,CZE,2009,88.51698113
540,Czechia,CZE,2010,95.84578997
541,Czechia,CZE,2011,100.5764855
542,Czechia,CZE,2012,127.6651885
543,Czechia,CZE,2013,128.2530962
544,Czechia,CZE,2014,128.8113268
545,Democratic Republic of Congo,COD,2003,0.275223881
546,Democratic Republic of Congo,COD,2004,0.208208955
547,Democratic Republic of Congo,COD,2005,0.067761194
548,Democratic Republic of Congo,COD,2006,0.454925373
549,Democratic Republic of Congo,COD,2007,0.634776119
550,Democratic Republic of Congo,COD,2008,0.940296296
551,Democratic Republic of Congo,COD,2009,0.797201767
552,Democratic Republic of Congo,COD,2010,1.104117647
553,Democratic Republic of Congo,COD,2011,1.010428571
554,Democratic Republic of Congo,COD,2012,0.658873239
555,Democratic Republic of Congo,COD,2013,1.198028169
556,Democratic Republic of Congo,COD,2014,2.553380282
557,Denmark,DNK,1913,17.9
558,Denmark,DNK,1922,16.2
559,Denmark,DNK,1937,53.8
560,Denmark,DNK,1957,118.0
561,Denmark,DNK,1999,162.7
562,Denmark,DNK,2002,97.55843585
563,Denmark,DNK,2003,136.4002648
564,Denmark,DNK,2004,144.7844866
565,Denmark,DNK,2005,137.1170669
566,Denmark,DNK,2006,138.5811674
567,Denmark,DNK,2007,142.4119688
568,Denmark,DNK,2008,147.6761032
569,Denmark,DNK,2009,102.9181407
570,Denmark,DNK,2010,113.7121024
571,Denmark,DNK,2011,112.8487395
572,Denmark,DNK,2012,112.4313482
573,Denmark,DNK,2013,116.6227779
574,Denmark,DNK,2014,120.5028783
575,Dominica,DMA,2002,86.6
576,Dominica,DMA,2003,148.2
577,Dominica,DMA,2004,198.6
578,Dominica,DMA,2005,207.8
579,Dominica,DMA,2006,134.2
580,Dominica,DMA,2007,276.0
581,Dominica,DMA,2008,44.6
582,Dominica,DMA,2009,58.16666667
583,Dominica,DMA,2010,52.16666667
584,Dominica,DMA,2011,150.1666667
585,Dominica,DMA,2012,97.66666667
586,Dominica,DMA,2013,116.0
587,Dominica,DMA,2014,78.83333333
588,Dominican Republic,DOM,2002,73.39309577
589,Dominican Republic,DOM,2003,52.24268293
590,Dominican Republic,DOM,2004,59.17317073
591,Dominican Republic,DOM,2005,58.2402439
592,Dominican Republic,DOM,2006,80.46707317
593,Dominican Republic,DOM,2007,94.75731707
594,Dominican Republic,DOM,2008,80.39875
595,Dominican Republic,DOM,2009,80.56
596,Dominican Republic,DOM,2010,107.00625
597,Dominican Republic,DOM,2011,94.15625
598,Dominican Republic,DOM,2012,74.46375
599,Dominican Republic,DOM,2013,79.7825
600,Dominican Republic,DOM,2014,88.16875
640,Ecuador,ECU,2002,167.6220588
641,Ecuador,ECU,2003,156.8221709
642,Ecuador,ECU,2004,217.5293657
643,Ecuador,ECU,2005,150.8294753
644,Ecuador,ECU,2006,207.7899432
645,Ecuador,ECU,2007,199.1062762
646,Ecuador,ECU,2008,214.1197411
647,Ecuador,ECU,2009,187.2786393
648,Ecuador,ECU,2010,252.070971
649,Ecuador,ECU,2011,275.355196
650,Ecuador,ECU,2012,253.8722885
651,Ecuador,ECU,2013,229.1340034
652,Ecuador,ECU,2014,361.9632505
653,Egypt,EGY,2002,432.5326975
654,Egypt,EGY,2003,627.7505162
655,Egypt,EGY,2004,557.5939292
656,Egypt,EGY,2005,672.8833398
657,Egypt,EGY,2006,492.1232246
658,Egypt,EGY,2007,521.7874415
659,Egypt,EGY,2008,696.5931113
660,Egypt,EGY,2009,502.8252427
661,Egypt,EGY,2010,602.9864253
662,Egypt,EGY,2011,602.8668091
663,Egypt,EGY,2012,590.5797101
664,Egypt,EGY,2013,614.6493791
665,Egypt,EGY,2014,662.5318352
666,El Salvador,SLV,2002,71.64057971
667,El Salvador,SLV,2003,78.18649046
668,El Salvador,SLV,2004,86.69740634
669,El Salvador,SLV,2005,130.6011396
670,El Salvador,SLV,2006,108.7731788
671,El Salvador,SLV,2007,152.6095238
672,El Salvador,SLV,2008,127.8989751
673,El Salvador,SLV,2009,117.3215339
674,El Salvador,SLV,2010,179.3551263
675,El Salvador,SLV,2011,186.7843705
676,El Salvador,SLV,2012,168.9305556
677,El Salvador,SLV,2013,159.2013699
678,El Salvador,SLV,2014,123.1
679,Eritrea,ERI,2002,6.236654804
680,Eritrea,ERI,2003,1.628140704
681,Eritrea,ERI,2004,0.005016722
682,Eritrea,ERI,2005,2.316129032
683,Eritrea,ERI,2006,0.01641791
684,Eritrea,ERI,2007,3.489552239
685,Eritrea,ERI,2009,2.782608696
686,Eritrea,ERI,2010,0.417391304
687,Eritrea,ERI,2011,0.82173913
688,Eritrea,ERI,2012,1.343478261
689,Eritrea,ERI,2013,0.769565217
690,Eritrea,ERI,2014,0.676811594
691,Estonia,EST,2002,44.01401565
692,Estonia,EST,2003,71.64954128
693,Estonia,EST,2004,84.3096476
694,Estonia,EST,2005,60.95133491
695,Estonia,EST,2006,75.65372921
696,Estonia,EST,2007,75.87185049
697,Estonia,EST,2008,100.3629977
698,Estonia,EST,2009,69.41314554
699,Estonia,EST,2010,68.38914729
700,Estonia,EST,2011,71.51802657
701,Estonia,EST,2012,81.07010475
702,Estonia,EST,2013,83.12450562
703,Estonia,EST,2014,86.11788304
704,Ethiopia,ETH,2002,17.01248351
705,Ethiopia,ETH,2003,5.702324305
706,Ethiopia,ETH,2004,10.30928502
707,Ethiopia,ETH,2005,10.90251891
708,Ethiopia,ETH,2006,11.13100926
709,Ethiopia,ETH,2007,16.03989172
710,Ethiopia,ETH,2008,17.20020579
711,Ethiopia,ETH,2009,17.66231718
712,Ethiopia,ETH,2010,21.84709921
713,Ethiopia,ETH,2011,20.81905063
714,Ethiopia,ETH,2012,23.75765672
715,Ethiopia,ETH,2013,19.24710629
716,Ethiopia,ETH,2014,25.96858258
782,Fiji,FJI,2002,71.48235294
783,Fiji,FJI,2003,19.25294118
784,Fiji,FJI,2004,45.28823529
785,Fiji,FJI,2005,39.17647059
786,Fiji,FJI,2006,25.12352941
787,Fiji,FJI,2007,23.9408284
788,Fiji,FJI,2008,41.12426036
789,Fiji,FJI,2009,21.80787589
790,Fiji,FJI,2010,16.35151515
791,Fiji,FJI,2011,35.48484848
792,Fiji,FJI,2012,24.1030303
793,Fiji,FJI,2013,23.45454545
794,Fiji,FJI,2014,29.98787879
795,Finland,FIN,2002,136.1425786
796,Finland,FIN,2003,118.3860331
797,Finland,FIN,2004,132.7455307
798,Finland,FIN,2005,134.2173038
799,Finland,FIN,2006,134.4954656
800,Finland,FIN,2007,123.5029025
801,Finland,FIN,2008,130.5807623
802,Finland,FIN,2009,107.9838817
803,Finland,FIN,2010,124.079741
804,Finland,FIN,2011,80.23194846
805,Finland,FIN,2012,79.95731626
806,Finland,FIN,2013,86.14315903
807,Finland,FIN,2014,92.23955532
811,France,FRA,1913,19.7
812,France,FRA,1922,25.3
813,France,FRA,1937,40.6
814,France,FRA,1957,69.3
815,France,FRA,1999,235.0
816,France,FRA,2002,211.2837819
817,France,FRA,2003,223.3639157
818,France,FRA,2004,212.1080139
819,France,FRA,2005,192.4625631
820,France,FRA,2006,190.3825727
821,France,FRA,2007,209.3381895
822,France,FRA,2008,152.4465342
823,France,FRA,2009,120.563425
824,France,FRA,2010,150.5379576
825,France,FRA,2011,141.2993039
826,France,FRA,2012,136.9801495
827,France,FRA,2013,140.6113943
828,France,FRA,2014,151.4618913
829,French Polynesia,PYF,2002,333.6666667
830,French Polynesia,PYF,2003,285.0
831,French Polynesia,PYF,2004,319.0
832,French Polynesia,PYF,2005,251.3333333
833,French Polynesia,PYF,2006,262.0
834,French Polynesia,PYF,2007,279.6666667
835,French Polynesia,PYF,2008,307.3333333
836,French Polynesia,PYF,2009,272.4
837,French Polynesia,PYF,2010,326.4
838,French Polynesia,PYF,2011,305.2
839,French Polynesia,PYF,2012,220.4
840,French Polynesia,PYF,2013,225.2
841,French Polynesia,PYF,2014,196.0
842,Gabon,GAB,2002,5.578461538
843,Gabon,GAB,2003,3.612307692
844,Gabon,GAB,2004,5.107692308
845,Gabon,GAB,2005,8.344615385
846,Gabon,GAB,2006,8.458461538
847,Gabon,GAB,2007,9.058461538
848,Gabon,GAB,2008,10.51692308
849,Gabon,GAB,2009,12.02153846
850,Gabon,GAB,2010,3.16
851,Gabon,GAB,2011,5.649230769
852,Gabon,GAB,2012,9.883076923
853,Gabon,GAB,2013,10.08923077
854,Gabon,GAB,2014,11.41538462
855,Gambia,GMB,2003,9.403333333
856,Gambia,GMB,2004,8.090322581
857,Gambia,GMB,2005,9.756923077
858,Gambia,GMB,2006,10.82593857
859,Gambia,GMB,2007,8.97689769
860,Gambia,GMB,2008,4.260752688
861,Gambia,GMB,2009,6.343457944
862,Gambia,GMB,2010,7.3
863,Gambia,GMB,2011,10.27555556
864,Gambia,GMB,2012,6.004545455
865,Gambia,GMB,2013,0.586363636
866,Gambia,GMB,2014,5.597727273
867,Georgia,GEO,2002,33.04130163
868,Georgia,GEO,2003,14.36907731
869,Georgia,GEO,2004,31.46681416
870,Georgia,GEO,2005,53.28723404
871,Georgia,GEO,2006,47.52813853
872,Georgia,GEO,2007,41.33909287
873,Georgia,GEO,2008,37.53159041
874,Georgia,GEO,2009,43.24666667
875,Georgia,GEO,2010,33.65301205
876,Georgia,GEO,2011,114.4607356
877,Georgia,GEO,2012,134.35
878,Georgia,GEO,2013,163.1108647
879,Georgia,GEO,2014,151.1531729
880,Germany,DEU,1880,3.1
881,Germany,DEU,1900,15.6
882,Germany,DEU,1913,42.0
883,Germany,DEU,1922,72.7
884,Germany,DEU,1937,143.9
885,Germany,DEU,1957,150.9
886,Germany,DEU,1999,240.9
887,Germany,DEU,2002,220.0740395
888,Germany,DEU,2003,219.6980638
889,Germany,DEU,2004,215.1258195
890,Germany,DEU,2005,208.7570565
891,Germany,DEU,2006,194.4190123
892,Germany,DEU,2007,221.871769
893,Germany,DEU,2008,159.5827187
894,Germany,DEU,2009,181.4143993
895,Germany,DEU,2010,211.5968259
896,Germany,DEU,2011,191.4869895
897,Germany,DEU,2012,198.9215819
898,Germany,DEU,2013,203.4691815
899,Germany,DEU,2014,217.6648976
900,Ghana,GHA,2002,3.745515427
901,Ghana,GHA,2003,6.838948626
902,Ghana,GHA,2004,13.2005
903,Ghana,GHA,2005,5.99875
904,Ghana,GHA,2006,20.0597619
905,Ghana,GHA,2007,17.76
906,Ghana,GHA,2008,14.54955556
907,Ghana,GHA,2009,18.97956522
908,Ghana,GHA,2010,18.70021645
909,Ghana,GHA,2011,13.23050847
910,Ghana,GHA,2012,34.75765957
911,Ghana,GHA,2013,25.25914894
912,Ghana,GHA,2014,15.70212766
913,Greece,GRC,2002,156.3768863
914,Greece,GRC,2003,162.0903392
915,Greece,GRC,2004,176.4176493
916,Greece,GRC,2005,143.0409246
917,Greece,GRC,2006,124.629257
918,Greece,GRC,2007,96.90338917
919,Greece,GRC,2008,119.0477308
920,Greece,GRC,2009,63.0961916
921,Greece,GRC,2010,122.4959096
922,Greece,GRC,2011,159.7076803
923,Greece,GRC,2012,109.9188976
924,Greece,GRC,2013,152.920641
925,Greece,GRC,2014,157.2280769
926,Guatemala,GTM,2002,99.79017544
927,Guatemala,GTM,2003,91.67182663
928,Guatemala,GTM,2004,124.94625
929,Guatemala,GTM,2005,141.6907143
930,Guatemala,GTM,2006,136.0438247
931,Guatemala,GTM,2007,123.7734772
932,Guatemala,GTM,2008,92.00528302
933,Guatemala,GTM,2009,127.0685579
934,Guatemala,GTM,2010,189.1495552
935,Guatemala,GTM,2011,223.1694385
936,Guatemala,GTM,2012,250.1649237
937,Guatemala,GTM,2013,265.6686945
938,Guatemala,GTM,2014,269.3456843
939,Guinea,GIN,2002,1.0041841
940,Guinea,GIN,2003,0.793939394
941,Guinea,GIN,2004,1.030196078
942,Guinea,GIN,2005,0.919737322
943,Guinea,GIN,2006,0.883636364
944,Guinea,GIN,2007,1.213571429
945,Guinea,GIN,2008,1.29754386
946,Guinea,GIN,2009,0.634035088
947,Guinea,GIN,2010,0.932758621
948,Guinea,GIN,2011,3.583103448
949,Guinea,GIN,2012,2.502666667
950,Guinea,GIN,2013,1.267419355
951,Guinea,GIN,2014,0.968709677
952,Guyana,GUY,2002,33.11111111
953,Guyana,GUY,2003,23.05555556
954,Guyana,GUY,2004,44.83333333
955,Guyana,GUY,2005,22.09761905
956,Guyana,GUY,2006,32.58095238
957,Guyana,GUY,2007,32.6547619
958,Guyana,GUY,2008,56.79761905
959,Guyana,GUY,2009,20.2547619
960,Guyana,GUY,2010,39.31904762
961,Guyana,GUY,2011,27.84285714
962,Guyana,GUY,2012,33.0047619
963,Guyana,GUY,2013,48.22380952
964,Guyana,GUY,2014,39.54761905
991,Honduras,HND,2002,31.95692884
992,Honduras,HND,2003,54.89700375
993,Honduras,HND,2004,134.9666667
994,Honduras,HND,2005,160.8514286
995,Honduras,HND,2006,188.8352381
996,Honduras,HND,2007,177.9952381
997,Honduras,HND,2008,107.7308448
998,Honduras,HND,2009,62.31862745
999,Honduras,HND,2010,64.7245098
1000,Honduras,HND,2011,104.0705882
1001,Honduras,HND,2012,83.14313725
1002,Honduras,HND,2013,89.48333333
1003,Honduras,HND,2014,98.38823529
1004,Hong Kong,HKG,2002,728.4
1005,Hong Kong,HKG,2003,359.8
1006,Hong Kong,HKG,2004,390.8
1007,Hong Kong,HKG,2005,365.8
1008,Hong Kong,HKG,2006,390.0
1009,Hong Kong,HKG,2007,421.0
1010,Hong Kong,HKG,2008,99.0
1011,Hong Kong,HKG,2009,38.0
1012,Hong Kong,HKG,2010,616.2857143
1013,Hong Kong,HKG,2011,790.5714286
1014,Hong Kong,HKG,2012,1297.096774
1015,Hong Kong,HKG,2013,906.7741935
1016,Hong Kong,HKG,2014,1966.451613
1017,Hungary,HUN,2002,94.87624837
1018,Hungary,HUN,2003,95.4970633
1019,Hungary,HUN,2004,98.52109613
1020,Hungary,HUN,2005,85.19886981
1021,Hungary,HUN,2006,99.19512726
1022,Hungary,HUN,2007,110.4094077
1023,Hungary,HUN,2008,96.70076336
1024,Hungary,HUN,2009,77.48222465
1025,Hungary,HUN,2010,84.33424408
1026,Hungary,HUN,2011,93.28828214
1027,Hungary,HUN,2012,97.13372754
1028,Hungary,HUN,2013,109.3967749
1029,Hungary,HUN,2014,99.10286104
1095,Iceland,ISL,2002,145.751938
1096,Iceland,ISL,2003,122.8837209
1097,Iceland,ISL,2004,137.9224806
1098,Iceland,ISL,2005,133.5581395
1099,Iceland,ISL,2006,167.8217054
1100,Iceland,ISL,2007,194.168
1101,Iceland,ISL,2008,199.88
1102,Iceland,ISL,2009,123.8467742
1103,Iceland,ISL,2010,148.699187
1104,Iceland,ISL,2011,159.1653028
1105,Iceland,ISL,2012,176.4851485
1106,Iceland,ISL,2013,168.8036304
1107,Iceland,ISL,2014,201.7326733
1108,India,IND,2002,100.3290553
1109,India,IND,2003,105.1772039
1110,India,IND,2004,115.2715101
1111,India,IND,2005,127.614592
1112,India,IND,2006,136.4039215
1113,India,IND,2007,142.8352255
1114,India,IND,2008,153.3493908
1115,India,IND,2009,167.4572959
1116,India,IND,2010,179.0358769
1117,India,IND,2011,180.7482912
1118,India,IND,2012,164.7829264
1119,India,IND,2013,158.1543115
1120,India,IND,2014,165.1245523
1121,Indonesia,IDN,2002,123.9590658
1122,Indonesia,IDN,2003,131.1321521
1123,Indonesia,IDN,2004,131.2093976
1124,Indonesia,IDN,2005,143.9864029
1125,Indonesia,IDN,2006,158.016093
1126,Indonesia,IDN,2007,181.4572273
1127,Indonesia,IDN,2008,184.5284581
1128,Indonesia,IDN,2009,181.639661
1129,Indonesia,IDN,2010,181.5166525
1130,Indonesia,IDN,2011,198.4185957
1131,Indonesia,IDN,2012,205.4442128
1132,Indonesia,IDN,2013,201.6901277
1133,Indonesia,IDN,2014,211.8047234
1134,Iran,IRN,2002,78.73947221
1135,Iran,IRN,2003,80.29135025
1136,Iran,IRN,2004,103.7517262
1137,Iran,IRN,2005,95.04796468
1138,Iran,IRN,2006,113.9614394
1139,Iran,IRN,2007,90.03865078
1140,Iran,IRN,2008,99.84651013
1141,Iran,IRN,2009,75.98002056
1142,Iran,IRN,2010,57.82566602
1143,Iran,IRN,2011,31.72702774
1144,Iran,IRN,2012,31.30555925
1145,Iran,IRN,2013,33.44176815
1146,Iran,IRN,2014,31.57758562
1147,Iraq,IRQ,2004,24.36266667
1148,Iraq,IRQ,2005,41.61288462
1149,Iraq,IRQ,2006,46.25416667
1150,Iraq,IRQ,2007,37.56767677
1151,Iraq,IRQ,2008,56.94
1152,Iraq,IRQ,2009,72.48986301
1153,Iraq,IRQ,2010,34.29
1154,Iraq,IRQ,2011,39.09767442
1155,Iraq,IRQ,2012,44.68364642
1156,Iraq,IRQ,2013,43.572
1157,Iraq,IRQ,2014,31.93484307
1158,Ireland,IRL,2002,597.017842
1159,Ireland,IRL,2003,533.7732657
1160,Ireland,IRL,2004,466.4315353
1161,Ireland,IRL,2005,458.0371622
1162,Ireland,IRL,2006,431.876843
1163,Ireland,IRL,2007,427.5216981
1164,Ireland,IRL,2008,378.1089918
1165,Ireland,IRL,2009,477.3737374
1166,Ireland,IRL,2010,462.4411474
1167,Ireland,IRL,2011,430.480226
1168,Ireland,IRL,2012,469.7324786
1169,Ireland,IRL,2013,472.9047619
1170,Ireland,IRL,2014,510.952741
1171,Israel,ISR,2002,251.8624642
1172,Israel,ISR,2003,282.9341317
1173,Israel,ISR,2004,320.9003215
1174,Israel,ISR,2005,292.6045016
1175,Israel,ISR,2006,304.950495
1176,Israel,ISR,2007,344.9967299
1177,Israel,ISR,2008,280.6139473
1178,Israel,ISR,2009,200.4600723
1179,Israel,ISR,2010,206.4032698
1180,Israel,ISR,2011,251.6063578
1181,Israel,ISR,2012,278.8331072
1182,Israel,ISR,2013,296.0111966
1183,Israel,ISR,2014,239.2678869
1184,Italy,ITA,1913,13.3
1185,Italy,ITA,1922,11.7
1186,Italy,ITA,1937,26.0
1187,Italy,ITA,1957,42.4
1188,Italy,ITA,1999,158.6
1189,Italy,ITA,2002,171.1218776
1190,Italy,ITA,2003,177.7024752
1191,Italy,ITA,2004,181.4180975
1192,Italy,ITA,2005,171.7530848
1193,Italy,ITA,2006,177.0315889
1194,Italy,ITA,2007,190.229954
1195,Italy,ITA,2008,143.4762603
1196,Italy,ITA,2009,120.1115886
1197,Italy,ITA,2010,122.7459529
1198,Italy,ITA,2011,134.3224702
1199,Italy,ITA,2012,150.8159595
1200,Italy,ITA,2013,129.0464333
1201,Italy,ITA,2014,130.9453032
1202,Jamaica,JAM,2002,94.67407407
1203,Jamaica,JAM,2003,112.1925926
1204,Jamaica,JAM,2004,123.9473684
1205,Jamaica,JAM,2005,115.84375
1206,Jamaica,JAM,2006,63.515625
1207,Jamaica,JAM,2007,36.216
1208,Jamaica,JAM,2008,37.64166667
1209,Jamaica,JAM,2009,58.19166667
1210,Jamaica,JAM,2010,62.625
1211,Jamaica,JAM,2011,71.175
1212,Jamaica,JAM,2012,87.375
1213,Jamaica,JAM,2013,68.45833333
1214,Jamaica,JAM,2014,65.525
1215,Japan,JPN,1900,0.1
1216,Japan,JPN,1913,3.4
1217,Japan,JPN,1922,11.8
1218,Japan,JPN,1937,29.7
1219,Japan,JPN,1957,131.0
1220,Japan,JPN,1999,290.4
1221,Japan,JPN,2002,333.5444671
1222,Japan,JPN,2003,335.1707983
1223,Japan,JPN,2004,353.6837177
1224,Japan,JPN,2005,347.9692661
1225,Japan,JPN,2006,332.8275386
1226,Japan,JPN,2007,350.4748035
1227,Japan,JPN,2008,278.2286444
1228,Japan,JPN,2009,238.9280391
1229,Japan,JPN,2010,259.8344232
1230,Japan,JPN,2011,263.8770569
1231,Japan,JPN,2012,255.0920867
1232,Japan,JPN,2013,253.1833845
1233,Japan,JPN,2014,240.618044
1234,Jordan,JOR,2002,1590.45641
1235,Jordan,JOR,2003,916.1412429
1236,Jordan,JOR,2004,476.5311005
1237,Jordan,JOR,2005,784.0162162
1238,Jordan,JOR,2006,693.4736842
1239,Jordan,JOR,2007,1007.783321
1240,Jordan,JOR,2008,337.4448161
1241,Jordan,JOR,2009,394.8605578
1242,Jordan,JOR,2010,187.7195946
1243,Jordan,JOR,2011,1227.591116
1244,Jordan,JOR,2012,1245.359447
1245,Jordan,JOR,2013,681.8614719
1246,Jordan,JOR,2014,388.0378947
1247,Kazakhstan,KAZ,2002,0.836099753
1248,Kazakhstan,KAZ,2003,1.190392187
1249,Kazakhstan,KAZ,2004,1.478292625
1250,Kazakhstan,KAZ,2005,1.428456392
1251,Kazakhstan,KAZ,2006,1.446743081
1252,Kazakhstan,KAZ,2007,2.056478081
1253,Kazakhstan,KAZ,2008,1.083457808
1254,Kazakhstan,KAZ,2009,1.970773843
1255,Kazakhstan,KAZ,2010,2.046032952
1256,Kazakhstan,KAZ,2011,2.995551839
1257,Kazakhstan,KAZ,2012,4.420250575
1258,Kazakhstan,KAZ,2013,2.888581955
1259,Kazakhstan,KAZ,2014,3.393910529
1260,Kenya,KEN,2002,27.31310155
1261,Kenya,KEN,2003,33.09677419
1262,Kenya,KEN,2004,27.68086725
1263,Kenya,KEN,2005,34.32655775
1264,Kenya,KEN,2006,33.15480226
1265,Kenya,KEN,2007,36.39528302
1266,Kenya,KEN,2008,33.28754717
1267,Kenya,KEN,2009,31.85709091
1268,Kenya,KEN,2010,30.34709091
1269,Kenya,KEN,2011,43.58206897
1270,Kenya,KEN,2012,42.06033898
1271,Kenya,KEN,2013,52.54086207
1272,Kenya,KEN,2014,11.30327586
1273,Kuwait,KWT,2002,1763.333333
1274,Kuwait,KWT,2005,4349.090909
1275,Kuwait,KWT,2006,2090.909091
1276,Kuwait,KWT,2008,1261.946903
1277,Kuwait,KWT,2009,57.14285714
1278,Kuwait,KWT,2010,884.0
1279,Kuwait,KWT,2011,971.8095238
1280,Kuwait,KWT,2012,781.1
1281,Kuwait,KWT,2013,237.9245283
1282,Kuwait,KWT,2014,431.2631579
1283,Kyrgyzstan,KGZ,2002,7.050557621
1284,Kyrgyzstan,KGZ,2003,24.71056548
1285,Kyrgyzstan,KGZ,2004,21.68215892
1286,Kyrgyzstan,KGZ,2005,24.62850467
1287,Kyrgyzstan,KGZ,2006,22.19677495
1288,Kyrgyzstan,KGZ,2007,22.4546875
1289,Kyrgyzstan,KGZ,2008,18.9738179
1290,Kyrgyzstan,KGZ,2009,22.06818182
1291,Kyrgyzstan,KGZ,2010,22.65945777
1292,Kyrgyzstan,KGZ,2011,19.16843013
1293,Kyrgyzstan,KGZ,2012,24.31615228
1294,Kyrgyzstan,KGZ,2013,27.43020255
1295,Kyrgyzstan,KGZ,2014,23.05716071
1348,Latvia,LVA,2002,50.5950668
1349,Latvia,LVA,2003,49.49425287
1350,Latvia,LVA,2004,64.12884044
1351,Latvia,LVA,2005,68.04029304
1352,Latvia,LVA,2006,62.65560166
1353,Latvia,LVA,2007,67.72474747
1354,Latvia,LVA,2008,66.94700855
1355,Latvia,LVA,2009,64.88356164
1356,Latvia,LVA,2010,77.64791134
1357,Latvia,LVA,2011,83.23229706
1358,Latvia,LVA,2012,90.11035654
1359,Latvia,LVA,2013,99.5115894
1360,Latvia,LVA,2014,100.3879239
1374,Lebanon,LBN,2002,358.0
1375,Lebanon,LBN,2003,132.375
1376,Lebanon,LBN,2004,142.3184153
1377,Lebanon,LBN,2005,313.7614679
1378,Lebanon,LBN,2006,297.8676471
1379,Lebanon,LBN,2007,320.1043219
1380,Lebanon,LBN,2008,219.5934959
1381,Lebanon,LBN,2009,234.2926829
1382,Lebanon,LBN,2010,296.7368421
1383,Lebanon,LBN,2011,409.096
1384,Lebanon,LBN,2012,443.6363636
1385,Lebanon,LBN,2013,482.530303
1386,Lebanon,LBN,2014,473.9015152
1387,Libya,LBY,2002,66.29201102
1388,Libya,LBY,2003,33.06997245
1389,Libya,LBY,2004,51.65657143
1390,Libya,LBY,2005,67.128
1391,Libya,LBY,2006,42.30857143
1392,Libya,LBY,2007,60.96
1393,Libya,LBY,2008,27.26857143
1394,Libya,LBY,2009,33.66857143
1395,Libya,LBY,2010,18.65967366
1396,Libya,LBY,2011,38.60722611
1397,Libya,LBY,2012,33.09534884
1398,Libya,LBY,2013,4.279069767
1399,Libya,LBY,2014,4.58255814
1400,Lithuania,LTU,2002,110.1549725
1401,Lithuania,LTU,2003,147.3842623
1402,Lithuania,LTU,2004,173.7602079
1403,Lithuania,LTU,2005,97.56412274
1404,Lithuania,LTU,2006,102.1678731
1405,Lithuania,LTU,2007,90.06537372
1406,Lithuania,LTU,2008,86.6811711
1407,Lithuania,LTU,2009,44.25573355
1408,Lithuania,LTU,2010,103.5348312
1409,Lithuania,LTU,2011,77.63279499
1410,Lithuania,LTU,2012,98.61756249
1411,Lithuania,LTU,2013,84.45230299
1412,Lithuania,LTU,2014,102.2895924
1452,Luxembourg,LUX,2002,581.1451613
1453,Luxembourg,LUX,2003,267.4677419
1454,Luxembourg,LUX,2004,333.6129032
1455,Luxembourg,LUX,2005,313.15
1456,Luxembourg,LUX,2006,293.6333333
1457,Luxembourg,LUX,2007,276.4098361
1458,Luxembourg,LUX,2008,250.516129
1459,Luxembourg,LUX,2009,244.5847499
1460,Luxembourg,LUX,2010,258.1920904
1461,Luxembourg,LUX,2011,270.6052801
1462,Luxembourg,LUX,2012,258.519821
1463,Luxembourg,LUX,2013,247.5900721
1464,Luxembourg,LUX,2014,413.4962466
1465,Madagascar,MDG,2002,2.094237288
1466,Madagascar,MDG,2003,2.148135593
1467,Madagascar,MDG,2004,2.203050847
1468,Madagascar,MDG,2005,5.450666667
1469,Madagascar,MDG,2006,2.466333333
1470,Madagascar,MDG,2007,3.191666667
1471,Madagascar,MDG,2008,4.1428125
1472,Madagascar,MDG,2009,2.266571429
1473,Madagascar,MDG,2010,2.416285714
1474,Madagascar,MDG,2011,3.159428571
1475,Madagascar,MDG,2012,2.441142857
1476,Madagascar,MDG,2013,2.817428571
1477,Madagascar,MDG,2014,5.544285714
1478,Malawi,MWI,2002,29.71368421
1479,Malawi,MWI,2003,31.07733333
1480,Malawi,MWI,2004,34.406
1481,Malawi,MWI,2005,30.491875
1482,Malawi,MWI,2006,36.82454545
1483,Malawi,MWI,2007,41.71866667
1484,Malawi,MWI,2008,34.87043478
1485,Malawi,MWI,2009,30.84571429
1486,Malawi,MWI,2010,35.37648649
1487,Malawi,MWI,2011,29.52277778
1488,Malawi,MWI,2012,39.91173333
1489,Malawi,MWI,2013,45.61578947
1490,Malawi,MWI,2014,36.49631579
1491,Malaysia,MYS,2002,1177.018762
1492,Malaysia,MYS,2003,1304.132032
1493,Malaysia,MYS,2004,1627.809368
1494,Malaysia,MYS,2005,1457.356934
1495,Malaysia,MYS,2006,1662.098845
1496,Malaysia,MYS,2007,1836.520577
1497,Malaysia,MYS,2008,2026.900858
1498,Malaysia,MYS,2009,1527.602371
1499,Malaysia,MYS,2010,2002.72073
1500,Malaysia,MYS,2011,1553.743187
1501,Malaysia,MYS,2012,1635.654737
1502,Malaysia,MYS,2013,1724.380503
1503,Malaysia,MYS,2014,2063.928721
1504,Maldives,MDV,2002,6.0
1505,Maldives,MDV,2003,8.0
1506,Maldives,MDV,2004,10.33333333
1507,Maldives,MDV,2005,29.66666667
1508,Maldives,MDV,2006,117.6666667
1509,Maldives,MDV,2007,87.33333333
1510,Maldives,MDV,2008,16.75
1511,Maldives,MDV,2009,98.5
1512,Maldives,MDV,2010,94.35897436
1513,Maldives,MDV,2011,36.66666667
1514,Maldives,MDV,2012,123.8461538
1515,Maldives,MDV,2013,192.3076923
1516,Maldives,MDV,2014,207.4358974
1517,Mali,MLI,2004,52.04158337
1518,Mali,MLI,2005,15.69248617
1519,Mali,MLI,2006,17.50132112
1520,Mali,MLI,2007,31.05027548
1521,Mali,MLI,2008,22.48168721
1522,Mali,MLI,2009,6.088979122
1523,Mali,MLI,2010,19.60038333
1524,Mali,MLI,2011,22.00728757
1525,Mali,MLI,2012,26.03060778
1526,Mali,MLI,2013,31.48697551
1527,Mali,MLI,2014,29.06114491
1528,Malta,MLT,2002,103.2222222
1529,Malta,MLT,2003,94.19354839
1530,Malta,MLT,2004,130.0
1531,Malta,MLT,2005,105.6097561
1532,Malta,MLT,2006,148.0
1533,Malta,MLT,2007,110.75
1534,Malta,MLT,2008,74.0
1535,Malta,MLT,2009,54.25
1536,Malta,MLT,2010,63.76651982
1537,Malta,MLT,2011,91.85022026
1538,Malta,MLT,2012,259.3333333
1539,Malta,MLT,2013,416.8338907
1540,Malta,MLT,2014,468.0044593
1541,Marshall Islands,MHL,2002,2.0
1542,Marshall Islands,MHL,2003,2.0
1543,Marshall Islands,MHL,2004,0.5
1544,Marshall Islands,MHL,2005,0.5
1545,Mauritius,MUS,2002,318.3707865
1546,Mauritius,MUS,2003,299.4545455
1547,Mauritius,MUS,2004,307.6896552
1548,Mauritius,MUS,2005,352.1529412
1549,Mauritius,MUS,2006,257.8674699
1550,Mauritius,MUS,2007,282.2222222
1551,Mauritius,MUS,2008,228.775
1552,Mauritius,MUS,2009,227.9625
1553,Mauritius,MUS,2010,163.2
1554,Mauritius,MUS,2011,243.2307692
1555,Mauritius,MUS,2012,224.1842105
1556,Mauritius,MUS,2013,192.0133333
1557,Mauritius,MUS,2014,211.6533333
1558,Mexico,MEX,2002,65.2603951
1559,Mexico,MEX,2003,66.75558092
1560,Mexico,MEX,2004,73.21211338
1561,Mexico,MEX,2005,79.18938874
1562,Mexico,MEX,2006,69.03282969
1563,Mexico,MEX,2007,75.04081806
1564,Mexico,MEX,2008,52.15676989
1565,Mexico,MEX,2009,51.92485767
1566,Mexico,MEX,2010,75.0576424
1567,Mexico,MEX,2011,72.87861775
1568,Mexico,MEX,2012,78.38051836
1569,Mexico,MEX,2013,78.76539717
1570,Mexico,MEX,2014,83.57028133
1623,Moldova,MDA,2002,8.138903961
1624,Moldova,MDA,2003,7.533875339
1625,Moldova,MDA,2004,8.315217391
1626,Moldova,MDA,2005,9.001636661
1627,Moldova,MDA,2006,8.46043956
1628,Moldova,MDA,2007,11.02250274
1629,Moldova,MDA,2008,12.45304778
1630,Moldova,MDA,2009,9.364336819
1631,Moldova,MDA,2010,11.05956977
1632,Moldova,MDA,2011,13.04748758
1633,Moldova,MDA,2012,19.12899669
1634,Moldova,MDA,2013,24.66960352
1635,Moldova,MDA,2014,39.84589983
1636,Mongolia,MNG,2002,5.883597884
1637,Mongolia,MNG,2003,5.705965909
1638,Mongolia,MNG,2004,8.342329545
1639,Mongolia,MNG,2005,5.261870504
1640,Mongolia,MNG,2006,9.359195402
1641,Mongolia,MNG,2007,8.560455192
1642,Mongolia,MNG,2008,8.322541966
1643,Mongolia,MNG,2009,12.17041801
1644,Mongolia,MNG,2010,18.04560261
1645,Mongolia,MNG,2011,22.85597381
1646,Mongolia,MNG,2012,25.14219474
1647,Mongolia,MNG,2013,43.63700565
1648,Mongolia,MNG,2014,32.9583921
1649,Montenegro,MNE,2006,18.70114943
1650,Montenegro,MNE,2007,15.63218391
1651,Montenegro,MNE,2008,14.79190751
1652,Montenegro,MNE,2009,11.32947977
1653,Montenegro,MNE,2010,14.35465116
1654,Montenegro,MNE,2011,12.54913295
1655,Montenegro,MNE,2012,12.4127907
1656,Montenegro,MNE,2013,324.7435897
1657,Montenegro,MNE,2014,271.9358534
1658,Morocco,MAR,2002,65.55427279
1659,Morocco,MAR,2003,55.31120928
1660,Morocco,MAR,2004,48.95761267
1661,Morocco,MAR,2005,63.78724452
1662,Morocco,MAR,2006,60.16865079
1663,Morocco,MAR,2007,58.82951023
1664,Morocco,MAR,2008,53.82662692
1665,Morocco,MAR,2009,41.06535151
1666,Morocco,MAR,2010,57.17102454
1667,Morocco,MAR,2011,59.12004408
1668,Morocco,MAR,2012,56.99266808
1669,Morocco,MAR,2013,63.57613776
1670,Morocco,MAR,2014,66.70885609
1671,Mozambique,MOZ,2002,5.97752809
1672,Mozambique,MOZ,2003,0.736222222
1673,Mozambique,MOZ,2004,2.259782609
1674,Mozambique,MOZ,2005,1.4274
1675,Mozambique,MOZ,2006,4.643061224
1676,Mozambique,MOZ,2007,2.660769231
1677,Mozambique,MOZ,2008,11.41722222
1678,Mozambique,MOZ,2009,4.033454545
1679,Mozambique,MOZ,2010,8.199469027
1680,Mozambique,MOZ,2011,7.355929204
1681,Mozambique,MOZ,2012,5.994159292
1682,Mozambique,MOZ,2013,10.58424779
1683,Mozambique,MOZ,2014,14.89274336
1684,Myanmar,MMR,2002,4.290103427
1685,Myanmar,MMR,2003,10.30900416
1686,Myanmar,MMR,2004,19.91162228
1687,Myanmar,MMR,2005,6.52112536
1688,Myanmar,MMR,2006,9.01625387
1689,Myanmar,MMR,2007,15.77290347
1690,Myanmar,MMR,2008,7.609687675
1691,Myanmar,MMR,2009,6.236427645
1692,Myanmar,MMR,2010,6.637221349
1693,Myanmar,MMR,2011,14.99517894
1694,Myanmar,MMR,2012,15.75165101
1695,Myanmar,MMR,2013,17.1007241
1696,Myanmar,MMR,2014,20.46834739
1697,Namibia,NAM,2002,3.903186275
1698,Namibia,NAM,2003,1.411042945
1699,Namibia,NAM,2004,3.204907975
1700,Namibia,NAM,2005,1.911547912
1701,Namibia,NAM,2006,2.846248462
1702,Namibia,NAM,2007,2.465
1703,Namibia,NAM,2008,0.28625
1704,Namibia,NAM,2009,1.59
1705,Namibia,NAM,2010,4.43375
1706,Namibia,NAM,2011,6.605
1707,Namibia,NAM,2012,6.1125
1708,Namibia,NAM,2013,3.76875
1709,Namibia,NAM,2014,2.15625
1710,Nepal,NPL,2002,16.68094218
1711,Nepal,NPL,2003,5.0587473
1712,Nepal,NPL,2004,8.025217391
1713,Nepal,NPL,2005,3.568859649
1714,Nepal,NPL,2006,5.642035398
1715,Nepal,NPL,2007,1.608928571
1716,Nepal,NPL,2008,1.364864865
1717,Nepal,NPL,2009,18.20272727
1718,Nepal,NPL,2010,25.08669725
1719,Nepal,NPL,2011,35.8098673
1720,Nepal,NPL,2012,26.69499528
1721,Nepal,NPL,2013,54.44512772
1722,Nepal,NPL,2014,67.37048777
1723,Netherlands,NLD,1913,163.7
1724,Netherlands,NLD,1922,188.6
1725,Netherlands,NLD,1937,299.2
1726,Netherlands,NLD,1957,204.2
1727,Netherlands,NLD,1999,494.5
1728,Netherlands,NLD,2002,428.8231441
1729,Netherlands,NLD,2003,438.2913907
1730,Netherlands,NLD,2004,357.3135255
1731,Netherlands,NLD,2005,337.8064806
1732,Netherlands,NLD,2006,353.1463825
1733,Netherlands,NLD,2007,302.1390828
1734,Netherlands,NLD,2008,267.7086068
1735,Netherlands,NLD,2009,238.1710439
1736,Netherlands,NLD,2010,293.3258361
1737,Netherlands,NLD,2011,246.8111332
1738,Netherlands,NLD,2012,270.0296736
1739,Netherlands,NLD,2013,231.1276965
1740,Netherlands,NLD,2014,241.1856459
1741,New Caledonia,NCL,2002,260.5882353
1742,New Caledonia,NCL,2003,536.4705882
1743,New Caledonia,NCL,2004,231.3235294
1744,New Caledonia,NCL,2005,282.5
1745,New Caledonia,NCL,2006,240.0
1746,New Caledonia,NCL,2007,267.6470588
1747,New Caledonia,NCL,2008,199.4117647
1748,New Caledonia,NCL,2009,99.41176471
1749,New Caledonia,NCL,2010,150.0
1750,New Caledonia,NCL,2011,209.3846154
1751,New Caledonia,NCL,2012,227.3333333
1752,New Caledonia,NCL,2013,236.2903226
1753,New Caledonia,NCL,2014,287.3397436
1754,New Zealand,NZL,2002,1836.390756
1755,New Zealand,NZL,2003,2279.081928
1756,New Zealand,NZL,2004,1760.647619
1757,New Zealand,NZL,2005,2718.687059
1758,New Zealand,NZL,2006,2494.977444
1759,New Zealand,NZL,2007,2304.607889
1760,New Zealand,NZL,2008,1726.609272
1761,New Zealand,NZL,2009,1271.819533
1762,New Zealand,NZL,2010,1270.635271
1763,New Zealand,NZL,2011,1780.609342
1764,New Zealand,NZL,2012,1692.766208
1765,New Zealand,NZL,2013,1493.239488
1766,New Zealand,NZL,2014,1490.952542
1767,Nicaragua,NIC,2002,28.4085
1768,Nicaragua,NIC,2003,31.89560976
1769,Nicaragua,NIC,2004,32.97538462
1770,Nicaragua,NIC,2005,28.1135
1771,Nicaragua,NIC,2006,32.62741935
1772,Nicaragua,NIC,2007,31.47
1773,Nicaragua,NIC,2008,27.10823529
1774,Nicaragua,NIC,2009,34.69151515
1775,Nicaragua,NIC,2010,34.73612018
1776,Nicaragua,NIC,2011,51.57285429
1777,Nicaragua,NIC,2012,50.20496084
1778,Nicaragua,NIC,2013,34.41954787
1779,Nicaragua,NIC,2014,50.94215426
1780,Niger,NER,2002,0.611819484
1781,Niger,NER,2003,0.29366548
1782,Niger,NER,2004,0.239985821
1783,Niger,NER,2005,0.38766551
1784,Niger,NER,2006,0.527622551
1785,Niger,NER,2007,0.354907873
1786,Niger,NER,2008,0.153418231
1787,Niger,NER,2009,0.353489933
1788,Niger,NER,2010,0.49602649
1789,Niger,NER,2011,0.485641026
1790,Niger,NER,2012,0.922389937
1791,Niger,NER,2013,0.672767296
1792,Niger,NER,2014,1.070503145
1793,Nigeria,NGA,2002,4.528882353
1794,Nigeria,NGA,2003,6.141
1795,Nigeria,NGA,2004,4.545114286
1796,Nigeria,NGA,2005,7.197333333
1797,Nigeria,NGA,2006,10.03888587
1798,Nigeria,NGA,2007,4.205054054
1799,Nigeria,NGA,2008,5.876833333
1800,Nigeria,NGA,2009,5.26103125
1801,Nigeria,NGA,2010,12.21366667
1802,Nigeria,NGA,2011,6.561294118
1803,Nigeria,NGA,2012,11.38334286
1804,Nigeria,NGA,2013,16.17729412
1805,Nigeria,NGA,2014,10.88108824
1819,North Macedonia,MKD,2002,30.85971944
1820,North Macedonia,MKD,2003,32.80467091
1821,North Macedonia,MKD,2004,53.48156182
1822,North Macedonia,MKD,2005,62.02232143
1823,North Macedonia,MKD,2006,57.46697039
1824,North Macedonia,MKD,2007,67.12296984
1825,North Macedonia,MKD,2008,56.15801887
1826,North Macedonia,MKD,2009,56.69761905
1827,North Macedonia,MKD,2010,67.11111111
1828,North Macedonia,MKD,2011,63.61835749
1829,North Macedonia,MKD,2012,57.32125604
1830,North Macedonia,MKD,2013,69.23728814
1831,North Macedonia,MKD,2014,71.67391304
1832,Norway,NOR,2002,205.5797267
1833,Norway,NOR,2003,213.5074627
1834,Norway,NOR,2004,215.2301496
1835,Norway,NOR,2005,218.8654292
1836,Norway,NOR,2006,216.4184149
1837,Norway,NOR,2007,220.4175463
1838,Norway,NOR,2008,213.5569755
1839,Norway,NOR,2009,179.1251437
1840,Norway,NOR,2010,170.0036337
1841,Norway,NOR,2011,192.1589242
1842,Norway,NOR,2012,186.7064909
1843,Norway,NOR,2013,190.4577028
1844,Norway,NOR,2014,201.417235
1858,Oman,OMN,2002,382.9354839
1859,Oman,OMN,2003,391.9032258
1860,Oman,OMN,2004,472.4137931
1861,Oman,OMN,2005,1365.821429
1862,Oman,OMN,2006,1063.615385
1863,Oman,OMN,2007,363.75
1864,Oman,OMN,2008,724.1
1865,Oman,OMN,2009,632.4324324
1866,Oman,OMN,2010,113.877551
1867,Oman,OMN,2011,653.604336
1868,Oman,OMN,2012,969.7626113
1869,Oman,OMN,2013,908.9920424
1870,Oman,OMN,2014,260.3157895
1877,Pakistan,PAK,2002,97.47085202
1878,Pakistan,PAK,2003,100.9701828
1879,Pakistan,PAK,2004,110.7789508
1880,Pakistan,PAK,2005,123.4834604
1881,Pakistan,PAK,2006,125.7302441
1882,Pakistan,PAK,2007,118.4234924
1883,Pakistan,PAK,2008,119.1546504
1884,Pakistan,PAK,2009,144.3274303
1885,Pakistan,PAK,2010,138.3047295
1886,Pakistan,PAK,2011,128.522691
1887,Pakistan,PAK,2012,116.9207011
1888,Pakistan,PAK,2013,135.2519856
1889,Pakistan,PAK,2014,134.379862
1890,Panama,PAN,2002,40.40328467
1891,Panama,PAN,2003,51.15693431
1892,Panama,PAN,2004,42.16058394
1893,Panama,PAN,2005,34.41970803
1894,Panama,PAN,2006,38.3962963
1895,Panama,PAN,2007,34.08888889
1896,Panama,PAN,2008,35.80925926
1897,Panama,PAN,2009,47.5462963
1898,Panama,PAN,2010,63.75925047
1899,Panama,PAN,2011,37.43185841
1900,Panama,PAN,2012,41.60568384
1901,Panama,PAN,2013,82.30905861
1902,Panama,PAN,2014,70.12255773
1903,Papua New Guinea,PNG,2002,159.1181818
1904,Papua New Guinea,PNG,2003,393.5288889
1905,Papua New Guinea,PNG,2004,76.82608696
1906,Papua New Guinea,PNG,2005,71.40833333
1907,Papua New Guinea,PNG,2006,58.888
1908,Papua New Guinea,PNG,2007,75.848
1909,Papua New Guinea,PNG,2008,70.70333333
1910,Papua New Guinea,PNG,2009,103.8533333
1911,Papua New Guinea,PNG,2010,109.4833333
1912,Papua New Guinea,PNG,2011,85.47666667
1913,Papua New Guinea,PNG,2012,104.13
1914,Papua New Guinea,PNG,2013,97.79666667
1915,Papua New Guinea,PNG,2014,107.3466667
1916,Paraguay,PRY,2002,47.71588785
1917,Paraguay,PRY,2003,66.23932927
1918,Paraguay,PRY,2004,78.42195846
1919,Paraguay,PRY,2005,65.76300578
1920,Paraguay,PRY,2006,72.72112676
1921,Paraguay,PRY,2007,94.31098901
1922,Paraguay,PRY,2008,74.70401916
1923,Paraguay,PRY,2009,62.72885572
1924,Paraguay,PRY,2010,82.09505428
1925,Paraguay,PRY,2011,97.63763066
1926,Paraguay,PRY,2012,83.30237826
1927,Paraguay,PRY,2013,94.81173913
1928,Paraguay,PRY,2014,105.2333333
1929,Peru,PER,2002,80.35412844
1930,Peru,PER,2003,82.29830508
1931,Peru,PER,2004,88.21176471
1932,Peru,PER,2005,76.72086514
1933,Peru,PER,2006,85.42060302
1934,Peru,PER,2007,100.5625935
1935,Peru,PER,2008,74.06526055
1936,Peru,PER,2009,93.15816203
1937,Peru,PER,2010,89.52093023
1938,Peru,PER,2011,101.244665
1939,Peru,PER,2012,104.1065929
1940,Peru,PER,2013,104.1498807
1941,Peru,PER,2014,110.8403989
1942,Philippines,PHL,2002,146.3610942
1943,Philippines,PHL,2003,172.7686117
1944,Philippines,PHL,2004,159.8457031
1945,Philippines,PHL,2005,152.1554446
1946,Philippines,PHL,2006,138.5612027
1947,Philippines,PHL,2007,159.3081285
1948,Philippines,PHL,2008,104.9730275
1949,Philippines,PHL,2009,121.4452727
1950,Philippines,PHL,2010,151.4354717
1951,Philippines,PHL,2011,144.8612844
1952,Philippines,PHL,2012,102.1469534
1953,Philippines,PHL,2013,71.74991055
1954,Philippines,PHL,2014,183.0949911
1955,Poland,POL,2002,116.1952344
1956,Poland,POL,2003,128.8710574
1957,Poland,POL,2004,129.1356067
1958,Poland,POL,2005,161.9388848
1959,Poland,POL,2006,159.3386158
1960,Poland,POL,2007,181.1722913
1961,Poland,POL,2008,157.7181765
1962,Poland,POL,2009,147.2650423
1963,Poland,POL,2010,180.4783452
1964,Poland,POL,2011,169.7422959
1965,Poland,POL,2012,177.8855835
1966,Poland,POL,2013,179.3272795
1967,Poland,POL,2014,231.6466874
1968,Portugal,PRT,2002,194.0366232
1969,Portugal,PRT,2003,176.9562663
1970,Portugal,PRT,2004,208.3148992
1971,Portugal,PRT,2005,207.1181534
1972,Portugal,PRT,2006,135.2893482
1973,Portugal,PRT,2007,199.9085565
1974,Portugal,PRT,2008,155.4888093
1975,Portugal,PRT,2009,118.5656714
1976,Portugal,PRT,2010,148.9573621
1977,Portugal,PRT,2011,132.5053028
1978,Portugal,PRT,2012,150.2687263
1979,Portugal,PRT,2013,178.6392117
1980,Portugal,PRT,2014,184.759149
2007,Qatar,QAT,2002,44.43478261
2008,Qatar,QAT,2004,4254.568966
2009,Qatar,QAT,2005,633.5344828
2010,Qatar,QAT,2007,5413.846154
2011,Qatar,QAT,2008,231.0654685
2012,Qatar,QAT,2009,3301.724138
2013,Qatar,QAT,2010,6714.846819
2014,Qatar,QAT,2011,12755.084
2015,Qatar,QAT,2012,12591.34615
2016,Qatar,QAT,2013,7264.179104
2017,Qatar,QAT,2014,12111.45038
2018,Romania,ROU,2002,34.78274317
2019,Romania,ROU,2003,38.632825
2020,Romania,ROU,2004,42.62523836
2021,Romania,ROU,2005,51.35136338
2022,Romania,ROU,2006,40.59559235
2023,Romania,ROU,2007,44.63585014
2024,Romania,ROU,2008,45.63524825
2025,Romania,ROU,2009,48.49323017
2026,Romania,ROU,2010,52.54624973
2027,Romania,ROU,2011,54.13496387
2028,Romania,ROU,2012,49.78085929
2029,Romania,ROU,2013,56.23496456
2030,Romania,ROU,2014,51.51959444
2031,Russia,RUS,2002,13.55253716
2032,Russia,RUS,2003,11.00351667
2033,Russia,RUS,2004,11.41977633
2034,Russia,RUS,2005,11.79264417
2035,Russia,RUS,2006,12.48071134
2036,Russia,RUS,2007,14.25312978
2037,Russia,RUS,2008,15.88274462
2038,Russia,RUS,2009,15.62209446
2039,Russia,RUS,2010,16.07453782
2040,Russia,RUS,2011,16.40966667
2041,Russia,RUS,2012,15.67832985
2042,Russia,RUS,2013,15.22431283
2043,Russia,RUS,2014,15.71029408
2044,Rwanda,RWA,2003,2.23857404
2045,Rwanda,RWA,2004,1.831881031
2046,Rwanda,RWA,2005,3.139717425
2047,Rwanda,RWA,2006,3.52327848
2048,Rwanda,RWA,2007,7.914753157
2049,Rwanda,RWA,2008,9.62288803
2050,Rwanda,RWA,2009,1.290587825
2051,Rwanda,RWA,2010,0.083635846
2052,Rwanda,RWA,2011,0.099873844
2053,Rwanda,RWA,2012,4.139980708
2054,Rwanda,RWA,2013,10.12346723
2055,Rwanda,RWA,2014,11.75032623
2056,Saint Kitts and Nevis,KNA,2003,84.14285714
2057,Saint Kitts and Nevis,KNA,2004,7.857142857
2058,Saint Kitts and Nevis,KNA,2005,13.85390428
2059,Saint Kitts and Nevis,KNA,2006,22.61306533
2060,Saint Kitts and Nevis,KNA,2007,12.53132832
2061,Saint Kitts and Nevis,KNA,2008,20.5
2062,Saint Kitts and Nevis,KNA,2009,12.75
2063,Saint Kitts and Nevis,KNA,2010,11.33333333
2064,Saint Kitts and Nevis,KNA,2011,10.4
2065,Saint Kitts and Nevis,KNA,2012,10.4
2066,Saint Kitts and Nevis,KNA,2013,8.8
2067,Saint Kitts and Nevis,KNA,2014,4.0
2068,Saint Lucia,LCA,2008,7.2
2069,Saint Lucia,LCA,2009,88.0
2070,Saint Lucia,LCA,2010,119.3333333
2071,Saint Lucia,LCA,2011,84.0
2072,Saint Lucia,LCA,2012,223.0
2073,Saint Lucia,LCA,2013,197.0
2074,Saint Lucia,LCA,2014,208.3333333
2075,Samoa,WSM,2002,0.769230769
2076,Samoa,WSM,2003,1.846153846
2077,Samoa,WSM,2004,3.333333333
2078,Samoa,WSM,2005,3.363636364
2079,Samoa,WSM,2006,2.307692308
2080,Samoa,WSM,2007,3.8
2081,Samoa,WSM,2008,5.444444444
2082,Samoa,WSM,2009,4.430379747
2083,Samoa,WSM,2010,2.0
2084,Samoa,WSM,2011,1.875
2085,Samoa,WSM,2012,0.75
2086,Samoa,WSM,2013,1.75
2087,Samoa,WSM,2014,4.0
2088,Saudi Arabia,SAU,2002,56.47972222
2089,Saudi Arabia,SAU,2003,119.1816667
2090,Saudi Arabia,SAU,2004,104.9914286
2091,Saudi Arabia,SAU,2005,93.90285714
2092,Saudi Arabia,SAU,2006,98.7826087
2093,Saudi Arabia,SAU,2007,118.8247243
2094,Saudi Arabia,SAU,2008,77.59508835
2095,Saudi Arabia,SAU,2009,43.82352941
2096,Saudi Arabia,SAU,2010,92.0408805
2097,Saudi Arabia,SAU,2011,148.3159228
2098,Saudi Arabia,SAU,2012,361.4886108
2099,Saudi Arabia,SAU,2013,293.9374185
2100,Saudi Arabia,SAU,2014,242.2415762
2101,Senegal,SEN,2002,11.79442623
2102,Senegal,SEN,2003,10.93860846
2103,Senegal,SEN,2004,12.71175092
2104,Senegal,SEN,2005,9.86628279
2105,Senegal,SEN,2006,2.308885755
2106,Senegal,SEN,2007,2.145964912
2107,Senegal,SEN,2008,2.303038674
2108,Senegal,SEN,2009,6.371801567
2109,Senegal,SEN,2010,8.202368421
2110,Senegal,SEN,2011,6.827575758
2111,Senegal,SEN,2012,11.50878788
2112,Senegal,SEN,2013,8.6909375
2113,Senegal,SEN,2014,6.71125
2114,Serbia,SRB,2006,150.0577879
2115,Serbia,SRB,2007,193.7129318
2116,Serbia,SRB,2008,142.1789137
2117,Serbia,SRB,2009,181.101121
2118,Serbia,SRB,2010,144.4640772
2119,Serbia,SRB,2011,158.2921008
2120,Serbia,SRB,2012,220.1397291
2121,Serbia,SRB,2013,197.8566189
2122,Serbia,SRB,2014,157.2283839
2123,Seychelles,SYC,2003,24.0
2124,Seychelles,SYC,2004,11.0
2125,Seychelles,SYC,2005,34.0
2126,Seychelles,SYC,2006,11.0
2127,Seychelles,SYC,2007,30.0
2128,Seychelles,SYC,2008,34.0
2129,Seychelles,SYC,2009,52.0
2130,Seychelles,SYC,2010,32.22222222
2131,Seychelles,SYC,2011,562.5
2132,Seychelles,SYC,2012,1112.5
2133,Seychelles,SYC,2013,1837.5
2134,Seychelles,SYC,2014,575.0
2135,Singapore,SGP,2002,1830.0
2136,Singapore,SGP,2003,11566.66667
2137,Singapore,SGP,2004,13528.57143
2138,Singapore,SGP,2005,13753.0303
2139,Singapore,SGP,2006,16532.30769
2140,Singapore,SGP,2007,16242.85714
2141,Singapore,SGP,2008,16266.66667
2142,Singapore,SGP,2009,4663.333333
2143,Singapore,SGP,2010,3131.25
2144,Singapore,SGP,2011,4373.015873
2145,Singapore,SGP,2012,3374.603175
2146,Singapore,SGP,2013,3400.0
2147,Singapore,SGP,2014,1076.785714
2148,Slovakia,SVK,2002,83.10638298
2149,Slovakia,SVK,2003,78.94833687
2150,Slovakia,SVK,2004,83.66690596
2151,Slovakia,SVK,2005,80.50395399
2152,Slovakia,SVK,2006,91.78156749
2153,Slovakia,SVK,2007,89.95061728
2154,Slovakia,SVK,2008,75.08393632
2155,Slovakia,SVK,2009,78.30969609
2156,Slovakia,SVK,2010,85.06393678
2157,Slovakia,SVK,2011,95.9373203
2158,Slovakia,SVK,2012,106.9194857
2159,Slovakia,SVK,2013,113.5703013
2160,Slovakia,SVK,2014,124.177424
2161,Slovenia,SVN,2002,403.4761905
2162,Slovenia,SVN,2003,400.2890173
2163,Slovenia,SVN,2004,358.6988636
2164,Slovenia,SVN,2005,329.5511364
2165,Slovenia,SVN,2006,322.005618
2166,Slovenia,SVN,2007,324.5257143
2167,Slovenia,SVN,2008,279.8429748
2168,Slovenia,SVN,2009,233.834464
2169,Slovenia,SVN,2010,266.5691533
2170,Slovenia,SVN,2011,256.506645
2171,Slovenia,SVN,2012,248.5138813
2172,Slovenia,SVN,2013,250.7077256
2173,Slovenia,SVN,2014,260.0249742
2180,South Africa,ZAF,2002,61.20489051
2181,South Africa,ZAF,2003,55.15007353
2182,South Africa,ZAF,2004,60.28759398
2183,South Africa,ZAF,2005,47.33100569
2184,South Africa,ZAF,2006,62.33642857
2185,South Africa,ZAF,2007,61.02174603
2186,South Africa,ZAF,2008,56.29320313
2187,South Africa,ZAF,2009,60.24747235
2188,South Africa,ZAF,2010,53.78097822
2189,South Africa,ZAF,2011,60.33740547
2190,South Africa,ZAF,2012,59.52336
2191,South Africa,ZAF,2013,57.71848
2192,South Africa,ZAF,2014,60.60432
2219,South Korea,KOR,2002,412.1272401
2220,South Korea,KOR,2003,468.7902351
2221,South Korea,KOR,2004,525.4228675
2222,South Korea,KOR,2005,643.3578819
2223,South Korea,KOR,2006,469.8499074
2224,South Korea,KOR,2007,511.0369443
2225,South Korea,KOR,2008,441.0523962
2226,South Korea,KOR,2009,331.9557292
2227,South Korea,KOR,2010,336.0537492
2228,South Korea,KOR,2011,334.9092742
2229,South Korea,KOR,2012,481.0116936
2230,South Korea,KOR,2013,361.264875
2231,South Korea,KOR,2014,399.9241192
2232,Spain,ESP,1913,4.2
2233,Spain,ESP,1922,1.5
2234,Spain,ESP,1957,24.9
2235,Spain,ESP,1999,119.5
2236,Spain,ESP,2002,164.4517778
2237,Spain,ESP,2003,175.2709534
2238,Spain,ESP,2004,165.4026104
2239,Spain,ESP,2005,142.1395493
2240,Spain,ESP,2006,142.3294811
2241,Spain,ESP,2007,157.7222311
2242,Spain,ESP,2008,106.5446028
2243,Spain,ESP,2009,96.92694247
2244,Spain,ESP,2010,130.6752874
2245,Spain,ESP,2011,122.6164615
2246,Spain,ESP,2012,122.5808274
2247,Spain,ESP,2013,143.5965028
2248,Spain,ESP,2014,151.3560841
2249,Sri Lanka,LKA,2002,304.5630342
2250,Sri Lanka,LKA,2003,259.1842105
2251,Sri Lanka,LKA,2004,287.01
2252,Sri Lanka,LKA,2005,255.2918182
2253,Sri Lanka,LKA,2006,291.3152381
2254,Sri Lanka,LKA,2007,288.525
2255,Sri Lanka,LKA,2008,311.7116667
2256,Sri Lanka,LKA,2009,281.3763636
2257,Sri Lanka,LKA,2010,229.0475
2258,Sri Lanka,LKA,2011,257.3146154
2259,Sri Lanka,LKA,2012,199.576
2260,Sri Lanka,LKA,2013,161.6076923
2261,Sri Lanka,LKA,2014,245.1969231
2301,Sudan,SDN,2002,3.472486228
2302,Sudan,SDN,2003,3.495457567
2303,Sudan,SDN,2004,4.608968311
2304,Sudan,SDN,2005,2.6752
2305,Sudan,SDN,2006,2.550933333
2306,Sudan,SDN,2007,3.588611212
2307,Sudan,SDN,2008,3.840898504
2308,Sudan,SDN,2009,7.963796812
2309,Sudan,SDN,2010,10.23810602
2310,Sudan,SDN,2011,8.076954829
2311,Sudan,SDN,2012,11.19366906
2312,Sudan,SDN,2013,11.0821796
2313,Sudan,SDN,2014,11.09157168
2314,Suriname,SUR,2002,92.17777778
2315,Suriname,SUR,2003,109.0545455
2316,Suriname,SUR,2004,141.0377358
2317,Suriname,SUR,2005,106.3673469
2318,Suriname,SUR,2006,183.3265306
2319,Suriname,SUR,2007,149.4347826
2320,Suriname,SUR,2008,548.6595745
2321,Suriname,SUR,2009,158.2931034
2322,Suriname,SUR,2010,211.9272727
2323,Suriname,SUR,2011,206.2931034
2324,Suriname,SUR,2012,183.3461538
2325,Suriname,SUR,2013,165.1
2326,Suriname,SUR,2014,190.6307692
2327,Sweden,SWE,2002,99.88793425
2328,Sweden,SWE,2003,98.23705926
2329,Sweden,SWE,2004,97.85391566
2330,Sweden,SWE,2005,87.89903489
2331,Sweden,SWE,2006,86.42021879
2332,Sweden,SWE,2007,89.46570671
2333,Sweden,SWE,2008,99.16222391
2334,Sweden,SWE,2009,64.00911162
2335,Sweden,SWE,2010,81.85485714
2336,Sweden,SWE,2011,85.21187739
2337,Sweden,SWE,2012,76.03424394
2338,Sweden,SWE,2013,84.64676425
2339,Sweden,SWE,2014,92.75656878
2340,Switzerland,CHE,2002,196.2062209
2341,Switzerland,CHE,2003,203.3693782
2342,Switzerland,CHE,2004,216.4378844
2343,Switzerland,CHE,2005,227.9640571
2344,Switzerland,CHE,2006,228.6535627
2345,Switzerland,CHE,2007,229.8967044
2346,Switzerland,CHE,2008,227.272951
2347,Switzerland,CHE,2009,190.8300493
2348,Switzerland,CHE,2010,218.3831891
2349,Switzerland,CHE,2011,208.9551869
2350,Switzerland,CHE,2012,215.9237246
2351,Switzerland,CHE,2013,205.1721575
2352,Switzerland,CHE,2014,197.1814093
2353,Syria,SYR,2002,68.35271065
2354,Syria,SYR,2003,75.84864865
2355,Syria,SYR,2004,73.18120664
2356,Syria,SYR,2005,84.94588235
2357,Syria,SYR,2006,84.54111349
2358,Syria,SYR,2007,80.64548142
2359,Syria,SYR,2008,87.98999787
2360,Syria,SYR,2009,65.42184154
2361,Syria,SYR,2010,33.01685513
2362,Syria,SYR,2011,49.72200772
2363,Syria,SYR,2012,30.03858521
2364,Syria,SYR,2013,21.4030459
2365,Syria,SYR,2014,5.377520378
2366,Tajikistan,TJK,2004,33.94344473
2367,Tajikistan,TJK,2005,37.82430647
2368,Tajikistan,TJK,2006,73.94843962
2369,Tajikistan,TJK,2007,74.12868633
2370,Tajikistan,TJK,2008,70.44534413
2371,Tajikistan,TJK,2009,64.11498536
2372,Tajikistan,TJK,2010,60.59677634
2373,Tajikistan,TJK,2011,66.78924846
2374,Tajikistan,TJK,2012,71.53814714
2375,Tajikistan,TJK,2013,73.68027211
2376,Tajikistan,TJK,2014,84.44657534
2377,Tanzania,TZA,2002,3.699767442
2378,Tanzania,TZA,2003,4.455503513
2379,Tanzania,TZA,2004,5.289157895
2380,Tanzania,TZA,2005,5.75443299
2381,Tanzania,TZA,2006,5.397628866
2382,Tanzania,TZA,2007,5.0716
2383,Tanzania,TZA,2008,4.67662043
2384,Tanzania,TZA,2009,7.524608696
2385,Tanzania,TZA,2010,8.786637931
2386,Tanzania,TZA,2011,8.606910569
2387,Tanzania,TZA,2012,7.699411765
2388,Tanzania,TZA,2013,4.674888889
2389,Tanzania,TZA,2014,8.418666667
2390,Thailand,THA,2002,110.5225161
2391,Thailand,THA,2003,149.1803947
2392,Thailand,THA,2004,131.6952632
2393,Thailand,THA,2005,112.7269079
2394,Thailand,THA,2006,117.3998684
2395,Thailand,THA,2007,124.9528947
2396,Thailand,THA,2008,130.5175738
2397,Thailand,THA,2009,122.0593183
2398,Thailand,THA,2010,162.1557107
2399,Thailand,THA,2011,159.165165
2400,Thailand,THA,2012,151.7551329
2401,Thailand,THA,2013,167.1027365
2402,Thailand,THA,2014,152.2867936
2403,Togo,TGO,2002,5.172631579
2404,Togo,TGO,2003,7.48893617
2405,Togo,TGO,2004,3.39311828
2406,Togo,TGO,2005,9.683809524
2407,Togo,TGO,2006,5.48
2408,Togo,TGO,2007,6.282251082
2409,Togo,TGO,2008,0.00042735
2410,Togo,TGO,2009,6.161666667
2411,Togo,TGO,2010,8.961788618
2412,Togo,TGO,2011,10.20284553
2413,Togo,TGO,2012,5.004150943
2414,Togo,TGO,2013,11.99962264
2415,Togo,TGO,2014,9.225283019
2416,Tonga,TON,2002,12.93333333
2417,Tonga,TON,2003,301.5333333
2418,Tonga,TON,2004,98.06666667
2419,Tonga,TON,2005,95.0
2420,Tonga,TON,2006,45.875
2421,Tonga,TON,2007,9.5
2422,Tonga,TON,2008,10.125
2423,Tonga,TON,2009,261.4117647
2424,Tonga,TON,2010,239.1764706
2425,Tonga,TON,2011,108.3529412
2426,Tonga,TON,2012,314.2222222
2427,Tonga,TON,2013,581.2222222
2428,Tonga,TON,2014,32.88888889
2429,Trinidad and Tobago,TTO,2002,796.6666667
2430,Trinidad and Tobago,TTO,2003,150.7333333
2431,Trinidad and Tobago,TTO,2004,84.88461538
2432,Trinidad and Tobago,TTO,2005,160.84
2433,Trinidad and Tobago,TTO,2006,939.8
2434,Trinidad and Tobago,TTO,2007,67.84
2435,Trinidad and Tobago,TTO,2008,868.0
2436,Trinidad and Tobago,TTO,2009,274.96
2437,Trinidad and Tobago,TTO,2010,659.68
2438,Trinidad and Tobago,TTO,2011,111.24
2439,Trinidad and Tobago,TTO,2012,557.64
2440,Trinidad and Tobago,TTO,2013,72.72
2441,Trinidad and Tobago,TTO,2014,68.4
2442,Tunisia,TUN,2002,25.21508481
2443,Tunisia,TUN,2003,36.34014337
2444,Tunisia,TUN,2004,36.14295951
2445,Tunisia,TUN,2005,64.08901099
2446,Tunisia,TUN,2006,34.54288817
2447,Tunisia,TUN,2007,27.11781925
2448,Tunisia,TUN,2008,34.37636684
2449,Tunisia,TUN,2009,43.52789065
2450,Tunisia,TUN,2010,40.39567836
2451,Tunisia,TUN,2011,51.42338852
2452,Tunisia,TUN,2012,50.6695927
2453,Tunisia,TUN,2013,33.08902909
2454,Tunisia,TUN,2014,31.81965517
2455,Turkey,TUR,2002,72.79594899
2456,Turkey,TUR,2003,84.29466883
2457,Turkey,TUR,2004,85.62753969
2458,Turkey,TUR,2005,86.75933697
2459,Turkey,TUR,2006,91.83734389
2460,Turkey,TUR,2007,90.34046135
2461,Turkey,TUR,2008,71.97248898
2462,Turkey,TUR,2009,104.5661562
2463,Turkey,TUR,2010,98.3756547
2464,Turkey,TUR,2011,89.94113637
2465,Turkey,TUR,2012,100.3464062
2466,Turkey,TUR,2013,112.3813551
2467,Turkey,TUR,2014,105.2683763
2468,Uganda,UGA,2002,1.332678571
2469,Uganda,UGA,2003,1.595042735
2470,Uganda,UGA,2004,1.471932773
2471,Uganda,UGA,2005,0.967394958
2472,Uganda,UGA,2006,1.25442623
2473,Uganda,UGA,2007,1.19952
2474,Uganda,UGA,2008,2.942015504
2475,Uganda,UGA,2009,2.082727273
2476,Uganda,UGA,2010,1.719407407
2477,Uganda,UGA,2011,1.761751825
2478,Uganda,UGA,2012,1.845362319
2479,Uganda,UGA,2013,2.323188406
2480,Uganda,UGA,2014,1.697246377
2481,Ukraine,UKR,2002,15.94939159
2482,Ukraine,UKR,2003,15.77835591
2483,Ukraine,UKR,2004,16.41801613
2484,Ukraine,UKR,2005,17.19246888
2485,Ukraine,UKR,2006,21.55365839
2486,Ukraine,UKR,2007,27.63889745
2487,Ukraine,UKR,2008,32.78684486
2488,Ukraine,UKR,2009,27.30340538
2489,Ukraine,UKR,2010,32.65818887
2490,Ukraine,UKR,2011,38.87227299
2491,Ukraine,UKR,2012,41.30020296
2492,Ukraine,UKR,2013,45.79382648
2493,Ukraine,UKR,2014,45.15723464
2494,United Arab Emirates,ARE,2002,672.2666667
2495,United Arab Emirates,ARE,2003,939.375
2496,United Arab Emirates,ARE,2004,495.5555556
2497,United Arab Emirates,ARE,2005,218.5441176
2498,United Arab Emirates,ARE,2006,911.4624506
2499,United Arab Emirates,ARE,2007,1104.932735
2500,United Arab Emirates,ARE,2008,423.6434109
2501,United Arab Emirates,ARE,2009,1324.849699
2502,United Arab Emirates,ARE,2010,674.9011858
2503,United Arab Emirates,ARE,2011,757.6496674
2504,United Arab Emirates,ARE,2012,767.115903
2505,United Arab Emirates,ARE,2013,855.4666667
2506,United Arab Emirates,ARE,2014,846.4
2507,United Kingdom,GBR,1913,28.2
2508,United Kingdom,GBR,1922,21.1
2509,United Kingdom,GBR,1937,60.1
2510,United Kingdom,GBR,1957,82.9
2511,United Kingdom,GBR,1999,299.4
2512,United Kingdom,GBR,2002,319.050121
2513,United Kingdom,GBR,2003,314.1897862
2514,United Kingdom,GBR,2004,287.3345936
2515,United Kingdom,GBR,2005,272.8224821
2516,United Kingdom,GBR,2006,254.1844437
2517,United Kingdom,GBR,2007,254.0673788
2518,United Kingdom,GBR,2008,208.1598668
2519,United Kingdom,GBR,2009,239.8743594
2520,United Kingdom,GBR,2010,251.9262982
2521,United Kingdom,GBR,2011,238.700099
2522,United Kingdom,GBR,2012,235.0289762
2523,United Kingdom,GBR,2013,246.5923963
2524,United Kingdom,GBR,2014,243.3624769
2525,United States,USA,1880,1.4
2526,United States,USA,1890,1.9
2527,United States,USA,1900,2.9
2528,United States,USA,1913,5.8
2529,United States,USA,1922,7.0
2530,United States,USA,1937,8.7
2531,United States,USA,1957,23.4
2532,United States,USA,1999,108.3
2533,United States,USA,2002,112.5172711
2534,United States,USA,2003,119.5608096
2535,United States,USA,2004,122.6708409
2536,United States,USA,2005,118.5997638
2537,United States,USA,2006,126.1956865
2538,United States,USA,2007,123.2690882
2539,United States,USA,2008,112.4273202
2540,United States,USA,2009,108.492815
2541,United States,USA,2010,117.1244153
2542,United States,USA,2011,132.3323903
2543,United States,USA,2012,136.5243783
2544,United States,USA,2013,139.7091467
2545,United States,USA,2014,137.6027532
2559,Uruguay,URY,2002,61.02679218
2560,Uruguay,URY,2003,110.6296029
2561,Uruguay,URY,2004,129.9884809
2562,Uruguay,URY,2005,140.5560345
2563,Uruguay,URY,2006,148.6969914
2564,Uruguay,URY,2007,139.5115176
2565,Uruguay,URY,2008,104.4140197
2566,Uruguay,URY,2009,93.92574032
2567,Uruguay,URY,2010,145.7835711
2568,Uruguay,URY,2011,131.5880102
2569,Uruguay,URY,2012,157.0891779
2570,Uruguay,URY,2013,156.5070132
2571,Uruguay,URY,2014,164.8718161
2572,Uzbekistan,UZB,2006,162.5
2573,Uzbekistan,UZB,2007,166.6864368
2574,Uzbekistan,UZB,2008,173.0196759
2575,Uzbekistan,UZB,2009,193.3355814
2576,Uzbekistan,UZB,2010,182.5811494
2577,Uzbekistan,UZB,2011,204.7504651
2578,Uzbekistan,UZB,2012,196.6852273
2579,Uzbekistan,UZB,2013,208.1554545
2580,Uzbekistan,UZB,2014,219.8113636
2581,Venezuela,VEN,2002,144.37
2582,Venezuela,VEN,2003,168.8603846
2583,Venezuela,VEN,2004,159.5343396
2584,Venezuela,VEN,2005,166.7510358
2585,Venezuela,VEN,2006,122.7156309
2586,Venezuela,VEN,2007,135.4983076
2587,Venezuela,VEN,2008,177.9740741
2588,Venezuela,VEN,2009,166.1769231
2589,Venezuela,VEN,2010,170.6888889
2590,Venezuela,VEN,2011,170.3703704
2591,Venezuela,VEN,2012,169.2592593
2592,Venezuela,VEN,2013,179.6296296
2593,Venezuela,VEN,2014,179.6296296
2594,Vietnam,VNM,2002,304.9639394
2595,Vietnam,VNM,2003,342.3026896
2596,Vietnam,VNM,2004,403.9071026
2597,Vietnam,VNM,2005,292.265335
2598,Vietnam,VNM,2006,300.1652489
2599,Vietnam,VNM,2007,353.0065297
2600,Vietnam,VNM,2008,305.6986868
2601,Vietnam,VNM,2009,407.72
2602,Vietnam,VNM,2010,323.3497996
2603,Vietnam,VNM,2011,309.5481235
2604,Vietnam,VNM,2012,331.9247653
2605,Vietnam,VNM,2013,440.3856573
2606,Vietnam,VNM,2014,397.3506514
2607,World,OWID_WRL,2002,104.5523293
2608,World,OWID_WRL,2003,110.0929342
2609,World,OWID_WRL,2004,114.4451437
2610,World,OWID_WRL,2005,113.7435533
2611,World,OWID_WRL,2006,117.8222042
2612,World,OWID_WRL,2007,124.4703401
2613,World,OWID_WRL,2008,120.0323606
2614,World,OWID_WRL,2009,119.5777084
2615,World,OWID_WRL,2010,129.1649291
2616,World,OWID_WRL,2011,133.9128422
2617,World,OWID_WRL,2012,133.7843812
2618,World,OWID_WRL,2013,135.2245488
2619,World,OWID_WRL,2014,138.0412599
2620,Yemen,YEM,2002,8.197879859
2621,Yemen,YEM,2003,4.496805112
2622,Yemen,YEM,2004,13.66415094
2623,Yemen,YEM,2005,3.808080808
2624,Yemen,YEM,2006,8.423580786
2625,Yemen,YEM,2007,21.40659341
2626,Yemen,YEM,2008,14.63453815
2627,Yemen,YEM,2009,12.04099061
2628,Yemen,YEM,2010,19.45778466
2629,Yemen,YEM,2011,12.40310078
2630,Yemen,YEM,2012,9.709497207
2631,Yemen,YEM,2013,21.53365385
2632,Yemen,YEM,2014,18.46394231
2633,Zambia,ZMB,2002,26.07474826
2634,Zambia,ZMB,2003,26.17292971
2635,Zambia,ZMB,2004,29.90461216
2636,Zambia,ZMB,2005,27.98386505
2637,Zambia,ZMB,2006,25.67706605
2638,Zambia,ZMB,2007,32.33435063
2639,Zambia,ZMB,2008,38.65661861
2640,Zambia,ZMB,2009,25.77774648
2641,Zambia,ZMB,2010,29.17352941
2642,Zambia,ZMB,2011,46.14722222
2643,Zambia,ZMB,2012,33.91710526
2644,Zambia,ZMB,2013,42.30405405
2645,Zambia,ZMB,2014,46.20368421
2646,Zimbabwe,ZWE,2002,35.70136986
2647,Zimbabwe,ZWE,2003,40.00876712
2648,Zimbabwe,ZWE,2004,22.72421053
2649,Zimbabwe,ZWE,2005,21.79948718
2650,Zimbabwe,ZWE,2006,32.35634146
2651,Zimbabwe,ZWE,2007,27.03525
2652,Zimbabwe,ZWE,2008,21.99411765
2653,Zimbabwe,ZWE,2009,28.77804878
2654,Zimbabwe,ZWE,2010,34.083
2655,Zimbabwe,ZWE,2011,26.54833333
2656,Zimbabwe,ZWE,2012,20.8095
2657,Zimbabwe,ZWE,2013,28.61325
2658,Zimbabwe,ZWE,2014,29.43425
